method,n,qber_label,p_true,p_est,trial,leaked_bits,syndrome_rate,claimed_success,correct,undetected_error,net_key_fraction,time_s,work_units,variant
LDPC,1000,2%,0.018731182795698926,0.019139784946236558,0,300,0.3,True,True,False,0.7,0.002166430000215769,4,uniform
LDPC,1000,2%,0.018731182795698926,0.019139784946236558,0,300,0.3,True,True,False,0.7,0.0018151019994547823,3,aware-same-rate
LDPC,1000,2%,0.018731182795698926,0.019139784946236558,0,250,0.25,True,True,False,0.75,0.0022018730005584075,5,aware-pipeline
LDPC,1000,2%,0.018731182795698926,0.019139784946236558,1,300,0.3,True,True,False,0.7,0.0016743280002629035,3,uniform
LDPC,1000,2%,0.018731182795698926,0.019139784946236558,1,300,0.3,True,True,False,0.7,0.0016644430006635957,3,aware-same-rate
LDPC,1000,2%,0.018731182795698926,0.019139784946236558,1,250,0.25,True,True,False,0.75,0.0014269510002122843,2,aware-pipeline
LDPC,1000,2%,0.018731182795698926,0.019139784946236558,2,300,0.3,True,True,False,0.7,0.002094092999868735,5,uniform
LDPC,1000,2%,0.018731182795698926,0.019139784946236558,2,300,0.3,True,True,False,0.7,0.0018533019992901245,4,aware-same-rate
LDPC,1000,2%,0.018731182795698926,0.019139784946236558,2,250,0.25,True,True,False,0.75,0.0016187410001293756,3,aware-pipeline
LDPC,1000,2%,0.018731182795698926,0.019139784946236558,3,300,0.3,True,True,False,0.7,0.0014427169999180478,2,uniform
LDPC,1000,2%,0.018731182795698926,0.019139784946236558,3,300,0.3,True,True,False,0.7,0.0014259930003390764,2,aware-same-rate
LDPC,1000,2%,0.018731182795698926,0.019139784946236558,3,250,0.25,True,True,False,0.75,0.0013680649999514571,2,aware-pipeline
LDPC,1000,2%,0.018731182795698926,0.019139784946236558,4,300,0.3,True,True,False,0.7,0.0021073249999972177,5,uniform
LDPC,1000,2%,0.018731182795698926,0.019139784946236558,4,300,0.3,True,True,False,0.7,0.0019712889998118044,4,aware-same-rate
LDPC,1000,2%,0.018731182795698926,0.019139784946236558,4,250,0.25,True,True,False,0.75,0.0019295989995953278,4,aware-pipeline
LDPC,1000,2%,0.018731182795698926,0.019139784946236558,5,300,0.3,True,True,False,0.7,0.0018755769997369498,4,uniform
LDPC,1000,2%,0.018731182795698926,0.019139784946236558,5,300,0.3,True,True,False,0.7,0.0018448729997544433,4,aware-same-rate
LDPC,1000,2%,0.018731182795698926,0.019139784946236558,5,250,0.25,True,True,False,0.75,0.0016392749994338374,3,aware-pipeline
LDPC,1000,2%,0.018731182795698926,0.019139784946236558,6,300,0.3,True,True,False,0.7,0.0016691840000930824,3,uniform
LDPC,1000,2%,0.018731182795698926,0.019139784946236558,6,300,0.3,True,True,False,0.7,0.0016720760004318436,3,aware-same-rate
LDPC,1000,2%,0.018731182795698926,0.019139784946236558,6,250,0.25,True,True,False,0.75,0.0021868510002605035,5,aware-pipeline
LDPC,1000,2%,0.018731182795698926,0.019139784946236558,7,300,0.3,True,True,False,0.7,0.002338651000172831,6,uniform
LDPC,1000,2%,0.018731182795698926,0.019139784946236558,7,300,0.3,True,True,False,0.7,0.002134586000465788,5,aware-same-rate
LDPC,1000,2%,0.018731182795698926,0.019139784946236558,7,250,0.25,True,True,False,0.75,0.00211722899985034,5,aware-pipeline
LDPC,1000,2%,0.018731182795698926,0.019139784946236558,8,300,0.3,True,True,False,0.7,0.0018869390005420428,4,uniform
LDPC,1000,2%,0.018731182795698926,0.019139784946236558,8,300,0.3,True,True,False,0.7,0.001635018000342825,3,aware-same-rate
LDPC,1000,2%,0.018731182795698926,0.019139784946236558,8,250,0.25,True,True,False,0.75,0.001561258000037924,2,aware-pipeline
LDPC,1000,2%,0.018731182795698926,0.019139784946236558,9,300,0.3,True,True,False,0.7,0.00186433599992597,4,uniform
LDPC,1000,2%,0.018731182795698926,0.019139784946236558,9,300,0.3,True,True,False,0.7,0.0018417720002616988,4,aware-same-rate
LDPC,1000,2%,0.018731182795698926,0.019139784946236558,9,250,0.25,True,True,False,0.75,0.0031647449995944044,9,aware-pipeline
LDPC,1000,2%,0.018731182795698926,0.019139784946236558,10,300,0.3,True,True,False,0.7,0.0017223520007974003,3,uniform
LDPC,1000,2%,0.018731182795698926,0.019139784946236558,10,300,0.3,True,True,False,0.7,0.0016827800000100979,3,aware-same-rate
LDPC,1000,2%,0.018731182795698926,0.019139784946236558,10,250,0.25,True,True,False,0.75,0.0018667609992917278,4,aware-pipeline
LDPC,1000,2%,0.018731182795698926,0.019139784946236558,11,300,0.3,True,True,False,0.7,0.00211265799953253,4,uniform
LDPC,1000,2%,0.018731182795698926,0.019139784946236558,11,300,0.3,True,True,False,0.7,0.00188873400020384,4,aware-same-rate
LDPC,1000,2%,0.018731182795698926,0.019139784946236558,11,250,0.25,True,True,False,0.75,0.0033601009999983944,10,aware-pipeline
LDPC,1000,2%,0.018731182795698926,0.019139784946236558,12,300,0.3,True,True,False,0.7,0.002565150000009453,7,uniform
LDPC,1000,2%,0.018731182795698926,0.019139784946236558,12,300,0.3,True,True,False,0.7,0.0022699259998262278,6,aware-same-rate
LDPC,1000,2%,0.018731182795698926,0.019139784946236558,12,250,0.25,True,True,False,0.75,0.0021119769999131677,5,aware-pipeline
LDPC,1000,2%,0.018731182795698926,0.019139784946236558,13,300,0.3,True,True,False,0.7,0.002070872999865969,5,uniform
LDPC,1000,2%,0.018731182795698926,0.019139784946236558,13,300,0.3,True,True,False,0.7,0.0018515930005378323,4,aware-same-rate
LDPC,1000,2%,0.018731182795698926,0.019139784946236558,13,250,0.25,True,True,False,0.75,0.004210263000459236,14,aware-pipeline
LDPC,1000,2%,0.018731182795698926,0.019139784946236558,14,300,0.3,True,True,False,0.7,0.001448592000087956,2,uniform
LDPC,1000,2%,0.018731182795698926,0.019139784946236558,14,300,0.3,True,True,False,0.7,0.0014261960004660068,2,aware-same-rate
LDPC,1000,2%,0.018731182795698926,0.019139784946236558,14,250,0.25,True,True,False,0.75,0.0017342740002277424,3,aware-pipeline
LDPC,1000,2%,0.018731182795698926,0.019139784946236558,15,300,0.3,True,True,False,0.7,0.0020026580004923744,4,uniform
LDPC,1000,2%,0.018731182795698926,0.019139784946236558,15,300,0.3,True,True,False,0.7,0.0016984160001811688,3,aware-same-rate
LDPC,1000,2%,0.018731182795698926,0.019139784946236558,15,250,0.25,True,True,False,0.75,0.0021301569995557657,5,aware-pipeline
LDPC,1000,2%,0.018731182795698926,0.019139784946236558,16,300,0.3,True,True,False,0.7,0.0016578059994571959,3,uniform
LDPC,1000,2%,0.018731182795698926,0.019139784946236558,16,300,0.3,True,True,False,0.7,0.001650537999921653,3,aware-same-rate
LDPC,1000,2%,0.018731182795698926,0.019139784946236558,16,250,0.25,True,True,False,0.75,0.0016460899996673106,3,aware-pipeline
LDPC,1000,2%,0.018731182795698926,0.019139784946236558,17,300,0.3,True,True,False,0.7,0.00181265799983521,3,uniform
LDPC,1000,2%,0.018731182795698926,0.019139784946236558,17,300,0.3,True,True,False,0.7,0.0017229959994438104,3,aware-same-rate
LDPC,1000,2%,0.018731182795698926,0.019139784946236558,17,250,0.25,True,True,False,0.75,0.0016195000007428462,3,aware-pipeline
LDPC,1000,2%,0.018731182795698926,0.019139784946236558,18,300,0.3,True,True,False,0.7,0.002281437000419828,6,uniform
LDPC,1000,2%,0.018731182795698926,0.019139784946236558,18,300,0.3,True,True,False,0.7,0.0018534290002207854,4,aware-same-rate
LDPC,1000,2%,0.018731182795698926,0.019139784946236558,18,250,0.25,True,True,False,0.75,0.002099215000271215,5,aware-pipeline
LDPC,1000,2%,0.018731182795698926,0.019139784946236558,19,300,0.3,True,True,False,0.7,0.006454682999901706,26,uniform
LDPC,1000,2%,0.018731182795698926,0.019139784946236558,19,300,0.3,True,True,False,0.7,0.013170459999855666,57,aware-same-rate
LDPC,1000,2%,0.018731182795698926,0.019139784946236558,19,250,0.25,False,False,False,0.0,0.02998150900020846,120,aware-pipeline
LDPC,1000,2%,0.018731182795698926,0.019139784946236558,20,300,0.3,True,True,False,0.7,0.0019294509993414977,4,uniform
LDPC,1000,2%,0.018731182795698926,0.019139784946236558,20,300,0.3,True,True,False,0.7,0.0016454730002806173,3,aware-same-rate
LDPC,1000,2%,0.018731182795698926,0.019139784946236558,20,250,0.25,True,True,False,0.75,0.0017529169999761507,3,aware-pipeline
LDPC,1000,2%,0.018731182795698926,0.019139784946236558,21,300,0.3,True,True,False,0.7,0.002124497999830055,5,uniform
LDPC,1000,2%,0.018731182795698926,0.019139784946236558,21,300,0.3,True,True,False,0.7,0.002094286999636097,5,aware-same-rate
LDPC,1000,2%,0.018731182795698926,0.019139784946236558,21,250,0.25,True,True,False,0.75,0.0023299120002775453,6,aware-pipeline
LDPC,1000,2%,0.018731182795698926,0.019139784946236558,22,300,0.3,True,True,False,0.7,0.0020912800000587595,5,uniform
LDPC,1000,2%,0.018731182795698926,0.019139784946236558,22,300,0.3,True,True,False,0.7,0.0020626779996746336,5,aware-same-rate
LDPC,1000,2%,0.018731182795698926,0.019139784946236558,22,250,0.25,True,True,False,0.75,0.0033022930001607165,10,aware-pipeline
LDPC,1000,2%,0.018731182795698926,0.019139784946236558,23,300,0.3,True,True,False,0.7,0.0022788030000810977,6,uniform
LDPC,1000,2%,0.018731182795698926,0.019139784946236558,23,300,0.3,True,True,False,0.7,0.0018739580000328715,4,aware-same-rate
LDPC,1000,2%,0.018731182795698926,0.019139784946236558,23,250,0.25,True,True,False,0.75,0.0021116079997227644,5,aware-pipeline
LDPC,1000,2%,0.018731182795698926,0.019139784946236558,24,300,0.3,True,True,False,0.7,0.0019429419999141828,4,uniform
LDPC,1000,2%,0.018731182795698926,0.019139784946236558,24,300,0.3,True,True,False,0.7,0.002100779000102193,5,aware-same-rate
LDPC,1000,2%,0.018731182795698926,0.019139784946236558,24,250,0.25,True,True,False,0.75,0.001888941999823146,4,aware-pipeline
LDPC,1000,2%,0.018731182795698926,0.019139784946236558,25,300,0.3,True,True,False,0.7,0.002097355999467254,5,uniform
LDPC,1000,2%,0.018731182795698926,0.019139784946236558,25,300,0.3,True,True,False,0.7,0.002061743000012939,5,aware-same-rate
LDPC,1000,2%,0.018731182795698926,0.019139784946236558,25,250,0.25,True,True,False,0.75,0.0016352960001313477,3,aware-pipeline
LDPC,1000,2%,0.018731182795698926,0.019139784946236558,26,300,0.3,True,True,False,0.7,0.0019061070006500813,4,uniform
LDPC,1000,2%,0.018731182795698926,0.019139784946236558,26,300,0.3,True,True,False,0.7,0.0019654220004667877,4,aware-same-rate
LDPC,1000,2%,0.018731182795698926,0.019139784946236558,26,250,0.25,True,True,False,0.75,0.002095163999911165,5,aware-pipeline
LDPC,1000,2%,0.018731182795698926,0.019139784946236558,27,300,0.3,True,True,False,0.7,0.0016642529999444378,3,uniform
LDPC,1000,2%,0.018731182795698926,0.019139784946236558,27,300,0.3,True,True,False,0.7,0.001638722000279813,3,aware-same-rate
LDPC,1000,2%,0.018731182795698926,0.019139784946236558,27,250,0.25,True,True,False,0.75,0.0020995179993406055,5,aware-pipeline
LDPC,1000,2%,0.018731182795698926,0.019139784946236558,28,300,0.3,True,True,False,0.7,0.0016490200005137012,3,uniform
LDPC,1000,2%,0.018731182795698926,0.019139784946236558,28,300,0.3,True,True,False,0.7,0.0016355009993276326,3,aware-same-rate
LDPC,1000,2%,0.018731182795698926,0.019139784946236558,28,250,0.25,True,True,False,0.75,0.002813299000081315,8,aware-pipeline
LDPC,1000,2%,0.018731182795698926,0.019139784946236558,29,300,0.3,True,True,False,0.7,0.0018559449999884237,4,uniform
LDPC,1000,2%,0.018731182795698926,0.019139784946236558,29,300,0.3,True,True,False,0.7,0.0017187539997394197,3,aware-same-rate
LDPC,1000,2%,0.018731182795698926,0.019139784946236558,29,250,0.25,True,True,False,0.75,0.0019717190007213503,4,aware-pipeline
LDPC,1000,2%,0.018731182795698926,0.019139784946236558,30,300,0.3,True,True,False,0.7,0.0019063959998675273,4,uniform
LDPC,1000,2%,0.018731182795698926,0.019139784946236558,30,300,0.3,True,True,False,0.7,0.0016461400000480353,3,aware-same-rate
LDPC,1000,2%,0.018731182795698926,0.019139784946236558,30,250,0.25,True,True,False,0.75,0.0016132729997480055,3,aware-pipeline
LDPC,1000,2%,0.018731182795698926,0.019139784946236558,31,300,0.3,True,True,False,0.7,0.0022947979996388312,6,uniform
LDPC,1000,2%,0.018731182795698926,0.019139784946236558,31,300,0.3,True,True,False,0.7,0.0020566570001392392,5,aware-same-rate
LDPC,1000,2%,0.018731182795698926,0.019139784946236558,31,250,0.25,True,True,False,0.75,0.002112891000251693,5,aware-pipeline
LDPC,1000,2%,0.018731182795698926,0.019139784946236558,32,300,0.3,True,True,False,0.7,0.0019392860003790702,4,uniform
LDPC,1000,2%,0.018731182795698926,0.019139784946236558,32,300,0.3,True,True,False,0.7,0.001848574000177905,4,aware-same-rate
LDPC,1000,2%,0.018731182795698926,0.019139784946236558,32,250,0.25,True,True,False,0.75,0.0021022509999966132,5,aware-pipeline
LDPC,1000,2%,0.018731182795698926,0.019139784946236558,33,300,0.3,True,True,False,0.7,0.0014670720001959126,2,uniform
LDPC,1000,2%,0.018731182795698926,0.019139784946236558,33,300,0.3,True,True,False,0.7,0.001427240000339225,2,aware-same-rate
LDPC,1000,2%,0.018731182795698926,0.019139784946236558,33,250,0.25,True,True,False,0.75,0.0018731909995040041,4,aware-pipeline
LDPC,1000,2%,0.018731182795698926,0.019139784946236558,34,300,0.3,True,True,False,0.7,0.001880378999885579,4,uniform
LDPC,1000,2%,0.018731182795698926,0.019139784946236558,34,300,0.3,True,True,False,0.7,0.0016576220004935749,3,aware-same-rate
LDPC,1000,2%,0.018731182795698926,0.019139784946236558,34,250,0.25,True,True,False,0.75,0.0018795309997585719,4,aware-pipeline
LDPC,1000,2%,0.018731182795698926,0.019139784946236558,35,300,0.3,True,True,False,0.7,0.0019108619999315124,4,uniform
LDPC,1000,2%,0.018731182795698926,0.019139784946236558,35,300,0.3,True,True,False,0.7,0.0019173679993400583,4,aware-same-rate
LDPC,1000,2%,0.018731182795698926,0.019139784946236558,35,250,0.25,True,True,False,0.75,0.0019010730002264609,4,aware-pipeline
LDPC,1000,2%,0.018731182795698926,0.019139784946236558,36,300,0.3,True,True,False,0.7,0.0024961350000012317,7,uniform
LDPC,1000,2%,0.018731182795698926,0.019139784946236558,36,300,0.3,True,True,False,0.7,0.0022803339998063166,6,aware-same-rate
LDPC,1000,2%,0.018731182795698926,0.019139784946236558,36,250,0.25,True,True,False,0.75,0.0019016550004380406,4,aware-pipeline
LDPC,1000,2%,0.018731182795698926,0.019139784946236558,37,300,0.3,True,True,False,0.7,0.0018841900000552414,4,uniform
LDPC,1000,2%,0.018731182795698926,0.019139784946236558,37,300,0.3,True,True,False,0.7,0.001652956999350863,3,aware-same-rate
LDPC,1000,2%,0.018731182795698926,0.019139784946236558,37,250,0.25,True,True,False,0.75,0.0021811460001117666,5,aware-pipeline
LDPC,1000,2%,0.018731182795698926,0.019139784946236558,38,300,0.3,True,True,False,0.7,0.001866640000116604,4,uniform
LDPC,1000,2%,0.018731182795698926,0.019139784946236558,38,300,0.3,True,True,False,0.7,0.001642965999963053,3,aware-same-rate
LDPC,1000,2%,0.018731182795698926,0.019139784946236558,38,250,0.25,True,True,False,0.75,0.0023401580001518596,6,aware-pipeline
LDPC,1000,2%,0.018731182795698926,0.019139784946236558,39,300,0.3,True,True,False,0.7,0.0020683540005848045,5,uniform
LDPC,1000,2%,0.018731182795698926,0.019139784946236558,39,300,0.3,True,True,False,0.7,0.0020570440001392853,5,aware-same-rate
LDPC,1000,2%,0.018731182795698926,0.019139784946236558,39,250,0.25,True,True,False,0.75,0.0024980850002975785,6,aware-pipeline
LDPC,200,6%,0.0645903028882136,0.06501938858328073,0,120,0.6,True,True,False,0.4,0.0007187760002125287,7,uniform
LDPC,200,6%,0.0645903028882136,0.06501938858328073,0,120,0.6,True,True,False,0.4,0.00038525899981323164,5,aware-same-rate
LDPC,200,6%,0.0645903028882136,0.06501938858328073,0,120,0.6,True,True,False,0.4,0.0004068429998369538,5,aware-pipeline
LDPC,200,6%,0.0645903028882136,0.06501938858328073,1,120,0.6,True,True,False,0.4,0.00030109999988781055,3,uniform
LDPC,200,6%,0.0645903028882136,0.06501938858328073,1,120,0.6,True,True,False,0.4,0.000368524000805337,5,aware-same-rate
LDPC,200,6%,0.0645903028882136,0.06501938858328073,1,120,0.6,True,True,False,0.4,0.0003743490005945205,5,aware-pipeline
LDPC,200,6%,0.0645903028882136,0.06501938858328073,2,120,0.6,True,True,False,0.4,0.0003771960000449326,4,uniform
LDPC,200,6%,0.0645903028882136,0.06501938858328073,2,120,0.6,True,True,False,0.4,0.0002515909991416265,3,aware-same-rate
LDPC,200,6%,0.0645903028882136,0.06501938858328073,2,120,0.6,True,True,False,0.4,0.00028859899975941516,3,aware-pipeline
LDPC,200,6%,0.0645903028882136,0.06501938858328073,3,120,0.6,True,True,False,0.4,0.00037645200063707307,5,uniform
LDPC,200,6%,0.0645903028882136,0.06501938858328073,3,120,0.6,True,True,False,0.4,0.0002911669998866273,4,aware-same-rate
LDPC,200,6%,0.0645903028882136,0.06501938858328073,3,120,0.6,True,True,False,0.4,0.0003483319997030776,4,aware-pipeline
LDPC,200,6%,0.0645903028882136,0.06501938858328073,4,120,0.6,True,True,False,0.4,0.00026100900049641496,3,uniform
LDPC,200,6%,0.0645903028882136,0.06501938858328073,4,120,0.6,True,True,False,0.4,0.00020413800029928098,2,aware-same-rate
LDPC,200,6%,0.0645903028882136,0.06501938858328073,4,120,0.6,True,True,False,0.4,0.000200525999389356,2,aware-pipeline
LDPC,200,6%,0.0645903028882136,0.06501938858328073,5,120,0.6,True,True,False,0.4,0.00025579800058039837,3,uniform
LDPC,200,6%,0.0645903028882136,0.06501938858328073,5,120,0.6,True,True,False,0.4,0.0002455059993735631,3,aware-same-rate
LDPC,200,6%,0.0645903028882136,0.06501938858328073,5,120,0.6,True,True,False,0.4,0.00024541200036765076,3,aware-pipeline
LDPC,200,6%,0.0645903028882136,0.06501938858328073,6,120,0.6,True,True,False,0.4,0.0002468740003678249,3,uniform
LDPC,200,6%,0.0645903028882136,0.06501938858328073,6,120,0.6,True,True,False,0.4,0.0002386129999649711,3,aware-same-rate
LDPC,200,6%,0.0645903028882136,0.06501938858328073,6,120,0.6,True,True,False,0.4,0.00024154399943654425,3,aware-pipeline
LDPC,200,6%,0.0645903028882136,0.06501938858328073,7,120,0.6,True,True,False,0.4,0.00033385000006092014,5,uniform
LDPC,200,6%,0.0645903028882136,0.06501938858328073,7,120,0.6,True,True,False,0.4,0.00032310999995388556,5,aware-same-rate
LDPC,200,6%,0.0645903028882136,0.06501938858328073,7,120,0.6,True,True,False,0.4,0.00032758099951024633,5,aware-pipeline
LDPC,200,6%,0.0645903028882136,0.06501938858328073,8,120,0.6,True,True,False,0.4,0.0003309499998067622,5,uniform
LDPC,200,6%,0.0645903028882136,0.06501938858328073,8,120,0.6,True,True,False,0.4,0.0002820999998220941,4,aware-same-rate
LDPC,200,6%,0.0645903028882136,0.06501938858328073,8,120,0.6,True,True,False,0.4,0.00028442099937819876,4,aware-pipeline
LDPC,200,6%,0.0645903028882136,0.06501938858328073,9,120,0.6,True,True,False,0.4,0.0003581339997253963,5,uniform
LDPC,200,6%,0.0645903028882136,0.06501938858328073,9,120,0.6,True,True,False,0.4,0.00032872999963728944,5,aware-same-rate
LDPC,200,6%,0.0645903028882136,0.06501938858328073,9,120,0.6,True,True,False,0.4,0.00032604599982732907,5,aware-pipeline
LDPC,200,6%,0.0645903028882136,0.06501938858328073,10,120,0.6,True,True,False,0.4,0.0002571830000306363,3,uniform
LDPC,200,6%,0.0645903028882136,0.06501938858328073,10,120,0.6,True,True,False,0.4,0.0002415450007902109,3,aware-same-rate
LDPC,200,6%,0.0645903028882136,0.06501938858328073,10,120,0.6,True,True,False,0.4,0.00023803300064173527,3,aware-pipeline
LDPC,200,6%,0.0645903028882136,0.06501938858328073,11,120,0.6,True,True,False,0.4,0.00033754600008251145,5,uniform
LDPC,200,6%,0.0645903028882136,0.06501938858328073,11,120,0.6,True,True,False,0.4,0.00023963700004969724,3,aware-same-rate
LDPC,200,6%,0.0645903028882136,0.06501938858328073,11,120,0.6,True,True,False,0.4,0.0003517949999150005,3,aware-pipeline
LDPC,200,6%,0.0645903028882136,0.06501938858328073,12,120,0.6,True,True,False,0.4,0.0003534620000209543,3,uniform
LDPC,200,6%,0.0645903028882136,0.06501938858328073,12,120,0.6,True,True,False,0.4,0.00020521999977063388,2,aware-same-rate
LDPC,200,6%,0.0645903028882136,0.06501938858328073,12,120,0.6,True,True,False,0.4,0.00020025400044687558,2,aware-pipeline
LDPC,200,6%,0.0645903028882136,0.06501938858328073,13,120,0.6,True,True,False,0.4,0.0003496859999359003,5,uniform
LDPC,200,6%,0.0645903028882136,0.06501938858328073,13,120,0.6,True,True,False,0.4,0.00028287500026635826,4,aware-same-rate
LDPC,200,6%,0.0645903028882136,0.06501938858328073,13,120,0.6,True,True,False,0.4,0.0002838539994627354,4,aware-pipeline
LDPC,200,6%,0.0645903028882136,0.06501938858328073,14,120,0.6,True,True,False,0.4,0.00025564000043232227,3,uniform
LDPC,200,6%,0.0645903028882136,0.06501938858328073,14,120,0.6,True,True,False,0.4,0.00020501899962255266,2,aware-same-rate
LDPC,200,6%,0.0645903028882136,0.06501938858328073,14,120,0.6,True,True,False,0.4,0.00019526699998095864,2,aware-pipeline
LDPC,200,6%,0.0645903028882136,0.06501938858328073,15,120,0.6,True,True,False,0.4,0.0002961809996122611,4,uniform
LDPC,200,6%,0.0645903028882136,0.06501938858328073,15,120,0.6,True,True,False,0.4,0.00027950099956797203,4,aware-same-rate
LDPC,200,6%,0.0645903028882136,0.06501938858328073,15,120,0.6,True,True,False,0.4,0.000304066999888164,4,aware-pipeline
LDPC,200,6%,0.0645903028882136,0.06501938858328073,16,120,0.6,True,True,False,0.4,0.0002964100003737258,3,uniform
LDPC,200,6%,0.0645903028882136,0.06501938858328073,16,120,0.6,True,True,False,0.4,0.00021437600025819847,2,aware-same-rate
LDPC,200,6%,0.0645903028882136,0.06501938858328073,16,120,0.6,True,True,False,0.4,0.00019775700002355734,2,aware-pipeline
LDPC,200,6%,0.0645903028882136,0.06501938858328073,17,120,0.6,True,True,False,0.4,0.0006195899995873333,11,uniform
LDPC,200,6%,0.0645903028882136,0.06501938858328073,17,120,0.6,True,True,False,0.4,0.000369888000022911,6,aware-same-rate
LDPC,200,6%,0.0645903028882136,0.06501938858328073,17,120,0.6,True,True,False,0.4,0.0003738690002137446,6,aware-pipeline
LDPC,200,6%,0.0645903028882136,0.06501938858328073,18,120,0.6,True,True,False,0.4,0.00029598600031022215,4,uniform
LDPC,200,6%,0.0645903028882136,0.06501938858328073,18,120,0.6,True,True,False,0.4,0.0003261969995946856,5,aware-same-rate
LDPC,200,6%,0.0645903028882136,0.06501938858328073,18,120,0.6,True,True,False,0.4,0.0006319450003502425,5,aware-pipeline
LDPC,200,6%,0.0645903028882136,0.06501938858328073,19,120,0.6,True,True,False,0.4,0.0004855580000366899,3,uniform
LDPC,200,6%,0.0645903028882136,0.06501938858328073,19,120,0.6,True,True,False,0.4,0.000619913000264205,4,aware-same-rate
LDPC,200,6%,0.0645903028882136,0.06501938858328073,19,120,0.6,True,True,False,0.4,0.00037967499974911334,4,aware-pipeline
LDPC,200,6%,0.0645903028882136,0.06501938858328073,20,120,0.6,True,True,False,0.4,0.00038116799987619743,5,uniform
LDPC,200,6%,0.0645903028882136,0.06501938858328073,20,120,0.6,True,True,False,0.4,0.000524561000020185,9,aware-same-rate
LDPC,200,6%,0.0645903028882136,0.06501938858328073,20,120,0.6,True,True,False,0.4,0.0005146060002516606,9,aware-pipeline
LDPC,200,6%,0.0645903028882136,0.06501938858328073,21,120,0.6,True,True,False,0.4,0.0002513210001779953,3,uniform
LDPC,200,6%,0.0645903028882136,0.06501938858328073,21,120,0.6,True,True,False,0.4,0.00019487800000206335,2,aware-same-rate
LDPC,200,6%,0.0645903028882136,0.06501938858328073,21,120,0.6,True,True,False,0.4,0.00020203100029902998,2,aware-pipeline
LDPC,200,6%,0.0645903028882136,0.06501938858328073,22,120,0.6,True,True,False,0.4,0.00028999700043641496,4,uniform
LDPC,200,6%,0.0645903028882136,0.06501938858328073,22,120,0.6,True,True,False,0.4,0.00023694499941484537,3,aware-same-rate
LDPC,200,6%,0.0645903028882136,0.06501938858328073,22,120,0.6,True,True,False,0.4,0.00023847099964768859,3,aware-pipeline
LDPC,200,6%,0.0645903028882136,0.06501938858328073,23,120,0.6,True,True,False,0.4,0.001300269999774173,27,uniform
LDPC,200,6%,0.0645903028882136,0.06501938858328073,23,120,0.6,True,True,False,0.4,0.0006814159996793023,13,aware-same-rate
LDPC,200,6%,0.0645903028882136,0.06501938858328073,23,120,0.6,True,True,False,0.4,0.0006845460002296022,13,aware-pipeline
LDPC,200,6%,0.0645903028882136,0.06501938858328073,24,120,0.6,True,True,False,0.4,0.0002376849997745012,2,uniform
LDPC,200,6%,0.0645903028882136,0.06501938858328073,24,120,0.6,True,True,False,0.4,0.00019592300031945342,2,aware-same-rate
LDPC,200,6%,0.0645903028882136,0.06501938858328073,24,120,0.6,True,True,False,0.4,0.00019565399998100474,2,aware-pipeline
LDPC,200,6%,0.0645903028882136,0.06501938858328073,25,120,0.6,True,True,False,0.4,0.0003935649992854451,6,uniform
LDPC,200,6%,0.0645903028882136,0.06501938858328073,25,120,0.6,True,True,False,0.4,0.0003235630001654499,5,aware-same-rate
LDPC,200,6%,0.0645903028882136,0.06501938858328073,25,120,0.6,True,True,False,0.4,0.0003260139992562472,5,aware-pipeline
LDPC,200,6%,0.0645903028882136,0.06501938858328073,26,120,0.6,True,True,False,0.4,0.000523142000020016,9,uniform
LDPC,200,6%,0.0645903028882136,0.06501938858328073,26,120,0.6,True,True,False,0.4,0.00037455700021382654,6,aware-same-rate
LDPC,200,6%,0.0645903028882136,0.06501938858328073,26,120,0.6,True,True,False,0.4,0.0003700320003190427,6,aware-pipeline
LDPC,200,6%,0.0645903028882136,0.06501938858328073,27,120,0.6,True,True,False,0.4,0.0002537519994803006,3,uniform
LDPC,200,6%,0.0645903028882136,0.06501938858328073,27,120,0.6,True,True,False,0.4,0.00024260800000774907,3,aware-same-rate
LDPC,200,6%,0.0645903028882136,0.06501938858328073,27,120,0.6,True,True,False,0.4,0.0002374280002186424,3,aware-pipeline
LDPC,200,6%,0.0645903028882136,0.06501938858328073,28,120,0.6,True,True,False,0.4,0.0006644260001849034,12,uniform
LDPC,200,6%,0.0645903028882136,0.06501938858328073,28,120,0.6,True,True,False,0.4,0.0004283540001779329,6,aware-same-rate
LDPC,200,6%,0.0645903028882136,0.06501938858328073,28,120,0.6,True,True,False,0.4,0.0004278780006643501,6,aware-pipeline
LDPC,200,6%,0.0645903028882136,0.06501938858328073,29,120,0.6,True,True,False,0.4,0.00035343899980944116,4,uniform
LDPC,200,6%,0.0645903028882136,0.06501938858328073,29,120,0.6,True,True,False,0.4,0.00028074700003344333,3,aware-same-rate
LDPC,200,6%,0.0645903028882136,0.06501938858328073,29,120,0.6,True,True,False,0.4,0.00036565800019161543,3,aware-pipeline
LDPC,200,6%,0.0645903028882136,0.06501938858328073,30,120,0.6,True,True,False,0.4,0.0005091879993415205,4,uniform
LDPC,200,6%,0.0645903028882136,0.06501938858328073,30,120,0.6,True,True,False,0.4,0.00034977199993591057,4,aware-same-rate
LDPC,200,6%,0.0645903028882136,0.06501938858328073,30,120,0.6,True,True,False,0.4,0.0003779799999392708,4,aware-pipeline
LDPC,200,6%,0.0645903028882136,0.06501938858328073,31,120,0.6,True,True,False,0.4,0.00034531399978732225,3,uniform
LDPC,200,6%,0.0645903028882136,0.06501938858328073,31,120,0.6,True,True,False,0.4,0.00020612099979189225,2,aware-same-rate
LDPC,200,6%,0.0645903028882136,0.06501938858328073,31,120,0.6,True,True,False,0.4,0.00021242399998300243,2,aware-pipeline
LDPC,200,6%,0.0645903028882136,0.06501938858328073,32,120,0.6,True,True,False,0.4,0.000252410999564745,3,uniform
LDPC,200,6%,0.0645903028882136,0.06501938858328073,32,120,0.6,True,True,False,0.4,0.00024175100043066777,3,aware-same-rate
LDPC,200,6%,0.0645903028882136,0.06501938858328073,32,120,0.6,True,True,False,0.4,0.00024333900000783615,3,aware-pipeline
LDPC,200,6%,0.0645903028882136,0.06501938858328073,33,120,0.6,True,True,False,0.4,0.00024676300017745234,3,uniform
LDPC,200,6%,0.0645903028882136,0.06501938858328073,33,120,0.6,True,True,False,0.4,0.00019557099949452095,2,aware-same-rate
LDPC,200,6%,0.0645903028882136,0.06501938858328073,33,120,0.6,True,True,False,0.4,0.00019486800010781735,2,aware-pipeline
LDPC,200,6%,0.0645903028882136,0.06501938858328073,34,120,0.6,True,True,False,0.4,0.0002455969997754437,3,uniform
LDPC,200,6%,0.0645903028882136,0.06501938858328073,34,120,0.6,True,True,False,0.4,0.0002381449994572904,3,aware-same-rate
LDPC,200,6%,0.0645903028882136,0.06501938858328073,34,120,0.6,True,True,False,0.4,0.00024015999952098355,3,aware-pipeline
LDPC,200,6%,0.0645903028882136,0.06501938858328073,35,120,0.6,True,True,False,0.4,0.0002474130005793995,3,uniform
LDPC,200,6%,0.0645903028882136,0.06501938858328073,35,120,0.6,True,True,False,0.4,0.00023769000017637154,3,aware-same-rate
LDPC,200,6%,0.0645903028882136,0.06501938858328073,35,120,0.6,True,True,False,0.4,0.0002421829995000735,3,aware-pipeline
LDPC,200,6%,0.0645903028882136,0.06501938858328073,36,120,0.6,True,True,False,0.4,0.0002842999992935802,3,uniform
LDPC,200,6%,0.0645903028882136,0.06501938858328073,36,120,0.6,True,True,False,0.4,0.00024016399947868194,3,aware-same-rate
LDPC,200,6%,0.0645903028882136,0.06501938858328073,36,120,0.6,True,True,False,0.4,0.00023765100013406482,3,aware-pipeline
LDPC,200,6%,0.0645903028882136,0.06501938858328073,37,120,0.6,True,True,False,0.4,0.0002554709999458282,3,uniform
LDPC,200,6%,0.0645903028882136,0.06501938858328073,37,120,0.6,True,True,False,0.4,0.0002655380003488972,3,aware-same-rate
LDPC,200,6%,0.0645903028882136,0.06501938858328073,37,120,0.6,True,True,False,0.4,0.00024634400051581906,3,aware-pipeline
LDPC,200,6%,0.0645903028882136,0.06501938858328073,38,120,0.6,True,True,False,0.4,0.0002648640002007596,3,uniform
LDPC,200,6%,0.0645903028882136,0.06501938858328073,38,120,0.6,True,True,False,0.4,0.00023762499949953053,3,aware-same-rate
LDPC,200,6%,0.0645903028882136,0.06501938858328073,38,120,0.6,True,True,False,0.4,0.00024145299994415836,3,aware-pipeline
LDPC,200,6%,0.0645903028882136,0.06501938858328073,39,120,0.6,True,True,False,0.4,0.0008710920001249178,17,uniform
LDPC,200,6%,0.0645903028882136,0.06501938858328073,39,120,0.6,True,True,False,0.4,0.0003301719998489716,5,aware-same-rate
LDPC,200,6%,0.0645903028882136,0.06501938858328073,39,120,0.6,True,True,False,0.4,0.000326954000229307,5,aware-pipeline
LDPC,1000,6%,0.0645903028882136,0.06501938858328073,0,500,0.5,True,True,False,0.5,0.00462319899997965,9,uniform
LDPC,1000,6%,0.0645903028882136,0.06501938858328073,0,500,0.5,True,True,False,0.5,0.0032477889999427134,5,aware-same-rate
LDPC,1000,6%,0.0645903028882136,0.06501938858328073,0,500,0.5,True,True,False,0.5,0.003310932999738725,5,aware-pipeline
LDPC,1000,6%,0.0645903028882136,0.06501938858328073,1,500,0.5,True,True,False,0.5,0.005312893999871449,9,uniform
LDPC,1000,6%,0.0645903028882136,0.06501938858328073,1,500,0.5,True,True,False,0.5,0.0037415890001284424,6,aware-same-rate
LDPC,1000,6%,0.0645903028882136,0.06501938858328073,1,500,0.5,True,True,False,0.5,0.003925070000150299,6,aware-pipeline
LDPC,1000,6%,0.0645903028882136,0.06501938858328073,2,500,0.5,True,True,False,0.5,0.006259554000280332,12,uniform
LDPC,1000,6%,0.0645903028882136,0.06501938858328073,2,500,0.5,True,True,False,0.5,0.004516950000834186,9,aware-same-rate
LDPC,1000,6%,0.0645903028882136,0.06501938858328073,2,500,0.5,True,True,False,0.5,0.007773774999805028,9,aware-pipeline
LDPC,1000,6%,0.0645903028882136,0.06501938858328073,3,500,0.5,True,True,False,0.5,0.006866278999950737,8,uniform
LDPC,1000,6%,0.0645903028882136,0.06501938858328073,3,500,0.5,True,True,False,0.5,0.003922558000340359,6,aware-same-rate
LDPC,1000,6%,0.0645903028882136,0.06501938858328073,3,500,0.5,True,True,False,0.5,0.00373018700065586,6,aware-pipeline
LDPC,1000,6%,0.0645903028882136,0.06501938858328073,4,500,0.5,True,True,False,0.5,0.0086745440003142,19,uniform
LDPC,1000,6%,0.0645903028882136,0.06501938858328073,4,500,0.5,True,True,False,0.5,0.005166723000002094,11,aware-same-rate
LDPC,1000,6%,0.0645903028882136,0.06501938858328073,4,500,0.5,True,True,False,0.5,0.005201382999985071,11,aware-pipeline
LDPC,1000,6%,0.0645903028882136,0.06501938858328073,5,500,0.5,True,True,False,0.5,0.005802565999147191,13,uniform
LDPC,1000,6%,0.0645903028882136,0.06501938858328073,5,500,0.5,True,True,False,0.5,0.0066335999999864725,15,aware-same-rate
LDPC,1000,6%,0.0645903028882136,0.06501938858328073,5,500,0.5,True,True,False,0.5,0.006462147000092955,15,aware-pipeline
LDPC,1000,6%,0.0645903028882136,0.06501938858328073,6,500,0.5,True,True,False,0.5,0.005560671000239381,12,uniform
LDPC,1000,6%,0.0645903028882136,0.06501938858328073,6,500,0.5,True,True,False,0.5,0.005164466999303841,11,aware-same-rate
LDPC,1000,6%,0.0645903028882136,0.06501938858328073,6,500,0.5,True,True,False,0.5,0.005149574999450124,11,aware-pipeline
LDPC,1000,6%,0.0645903028882136,0.06501938858328073,7,500,0.5,True,True,False,0.5,0.006075203999898804,14,uniform
LDPC,1000,6%,0.0645903028882136,0.06501938858328073,7,500,0.5,True,True,False,0.5,0.004817815000023984,9,aware-same-rate
LDPC,1000,6%,0.0645903028882136,0.06501938858328073,7,500,0.5,True,True,False,0.5,0.00448595300076704,9,aware-pipeline
LDPC,1000,6%,0.0645903028882136,0.06501938858328073,8,500,0.5,True,True,False,0.5,0.0037318429995139013,6,uniform
LDPC,1000,6%,0.0645903028882136,0.06501938858328073,8,500,0.5,True,True,False,0.5,0.0032246330001726164,5,aware-same-rate
LDPC,1000,6%,0.0645903028882136,0.06501938858328073,8,500,0.5,True,True,False,0.5,0.0032958150004560594,5,aware-pipeline
LDPC,1000,6%,0.0645903028882136,0.06501938858328073,9,500,0.5,False,False,False,0.0,0.03929291900021781,120,uniform
LDPC,1000,6%,0.0645903028882136,0.06501938858328073,9,500,0.5,True,True,False,0.5,0.006383977000041341,15,aware-same-rate
LDPC,1000,6%,0.0645903028882136,0.06501938858328073,9,500,0.5,True,True,False,0.5,0.006458388000282866,15,aware-pipeline
LDPC,1000,6%,0.0645903028882136,0.06501938858328073,10,500,0.5,True,True,False,0.5,0.0038937580002311734,7,uniform
LDPC,1000,6%,0.0645903028882136,0.06501938858328073,10,500,0.5,True,True,False,0.5,0.003983974999755446,7,aware-same-rate
LDPC,1000,6%,0.0645903028882136,0.06501938858328073,10,500,0.5,True,True,False,0.5,0.0038514699999723234,7,aware-pipeline
LDPC,1000,6%,0.0645903028882136,0.06501938858328073,11,500,0.5,True,True,False,0.5,0.003220134000002872,5,uniform
LDPC,1000,6%,0.0645903028882136,0.06501938858328073,11,500,0.5,True,True,False,0.5,0.003204112000275927,5,aware-same-rate
LDPC,1000,6%,0.0645903028882136,0.06501938858328073,11,500,0.5,True,True,False,0.5,0.003239440000470495,5,aware-pipeline
LDPC,1000,6%,0.0645903028882136,0.06501938858328073,12,500,0.5,True,True,False,0.5,0.003843865000817459,7,uniform
LDPC,1000,6%,0.0645903028882136,0.06501938858328073,12,500,0.5,True,True,False,0.5,0.003603881999879377,6,aware-same-rate
LDPC,1000,6%,0.0645903028882136,0.06501938858328073,12,500,0.5,True,True,False,0.5,0.003608429999985674,6,aware-pipeline
LDPC,1000,6%,0.0645903028882136,0.06501938858328073,13,500,0.5,True,True,False,0.5,0.0041789560000324855,8,uniform
LDPC,1000,6%,0.0645903028882136,0.06501938858328073,13,500,0.5,True,True,False,0.5,0.003984179999861226,7,aware-same-rate
LDPC,1000,6%,0.0645903028882136,0.06501938858328073,13,500,0.5,True,True,False,0.5,0.0038712369996574125,7,aware-pipeline
LDPC,1000,6%,0.0645903028882136,0.06501938858328073,14,500,0.5,True,True,False,0.5,0.004177836000053503,8,uniform
LDPC,1000,6%,0.0645903028882136,0.06501938858328073,14,500,0.5,True,True,False,0.5,0.0036022069998580264,6,aware-same-rate
LDPC,1000,6%,0.0645903028882136,0.06501938858328073,14,500,0.5,True,True,False,0.5,0.0036751229999936186,6,aware-pipeline
LDPC,1000,6%,0.0645903028882136,0.06501938858328073,15,500,0.5,True,True,False,0.5,0.005863658000635041,13,uniform
LDPC,1000,6%,0.0645903028882136,0.06501938858328073,15,500,0.5,True,True,False,0.5,0.00423810800020874,8,aware-same-rate
LDPC,1000,6%,0.0645903028882136,0.06501938858328073,15,500,0.5,True,True,False,0.5,0.0041925479999918025,8,aware-pipeline
LDPC,1000,6%,0.0645903028882136,0.06501938858328073,16,500,0.5,True,True,False,0.5,0.0051304140006323,11,uniform
LDPC,1000,6%,0.0645903028882136,0.06501938858328073,16,500,0.5,True,True,False,0.5,0.0041385459999219165,8,aware-same-rate
LDPC,1000,6%,0.0645903028882136,0.06501938858328073,16,500,0.5,True,True,False,0.5,0.004162162000284297,8,aware-pipeline
LDPC,1000,6%,0.0645903028882136,0.06501938858328073,17,500,0.5,True,True,False,0.5,0.003964247999647341,7,uniform
LDPC,1000,6%,0.0645903028882136,0.06501938858328073,17,500,0.5,True,True,False,0.5,0.0035088710001218715,6,aware-same-rate
LDPC,1000,6%,0.0645903028882136,0.06501938858328073,17,500,0.5,True,True,False,0.5,0.0037474809996638214,6,aware-pipeline
LDPC,1000,6%,0.0645903028882136,0.06501938858328073,18,500,0.5,True,True,False,0.5,0.00483750900002633,10,uniform
LDPC,1000,6%,0.0645903028882136,0.06501938858328073,18,500,0.5,True,True,False,0.5,0.0038576639999519102,7,aware-same-rate
LDPC,1000,6%,0.0645903028882136,0.06501938858328073,18,500,0.5,True,True,False,0.5,0.0038723770003343816,7,aware-pipeline
LDPC,1000,6%,0.0645903028882136,0.06501938858328073,19,500,0.5,True,True,False,0.5,0.004478338000808435,9,uniform
LDPC,1000,6%,0.0645903028882136,0.06501938858328073,19,500,0.5,True,True,False,0.5,0.004157510000368347,8,aware-same-rate
LDPC,1000,6%,0.0645903028882136,0.06501938858328073,19,500,0.5,True,True,False,0.5,0.004147871999521158,8,aware-pipeline
LDPC,1000,6%,0.0645903028882136,0.06501938858328073,20,500,0.5,True,True,False,0.5,0.0038575230000787997,7,uniform
LDPC,1000,6%,0.0645903028882136,0.06501938858328073,20,500,0.5,True,True,False,0.5,0.003659637000055227,6,aware-same-rate
LDPC,1000,6%,0.0645903028882136,0.06501938858328073,20,500,0.5,True,True,False,0.5,0.00357632199938962,6,aware-pipeline
LDPC,1000,6%,0.0645903028882136,0.06501938858328073,21,500,0.5,True,True,False,0.5,0.0066790900000341935,16,uniform
LDPC,1000,6%,0.0645903028882136,0.06501938858328073,21,500,0.5,True,True,False,0.5,0.0060213529995962745,14,aware-same-rate
LDPC,1000,6%,0.0645903028882136,0.06501938858328073,21,500,0.5,True,True,False,0.5,0.006035275999238365,14,aware-pipeline
LDPC,1000,6%,0.0645903028882136,0.06501938858328073,22,500,0.5,True,True,False,0.5,0.004024137999294908,7,uniform
LDPC,1000,6%,0.0645903028882136,0.06501938858328073,22,500,0.5,True,True,False,0.5,0.0035164850005457993,6,aware-same-rate
LDPC,1000,6%,0.0645903028882136,0.06501938858328073,22,500,0.5,True,True,False,0.5,0.003669820000141044,6,aware-pipeline
LDPC,1000,6%,0.0645903028882136,0.06501938858328073,23,500,0.5,False,False,False,0.0,0.038809245000265946,120,uniform
LDPC,1000,6%,0.0645903028882136,0.06501938858328073,23,500,0.5,True,True,False,0.5,0.005568147999838402,12,aware-same-rate
LDPC,1000,6%,0.0645903028882136,0.06501938858328073,23,500,0.5,True,True,False,0.5,0.005379606000133208,12,aware-pipeline
LDPC,1000,6%,0.0645903028882136,0.06501938858328073,24,500,0.5,True,True,False,0.5,0.003550554999492306,6,uniform
LDPC,1000,6%,0.0645903028882136,0.06501938858328073,24,500,0.5,True,True,False,0.5,0.003069645000323362,4,aware-same-rate
LDPC,1000,6%,0.0645903028882136,0.06501938858328073,24,500,0.5,True,True,False,0.5,0.0028962610003873124,4,aware-pipeline
LDPC,1000,6%,0.0645903028882136,0.06501938858328073,25,500,0.5,False,False,False,0.0,0.03906758300036017,120,uniform
LDPC,1000,6%,0.0645903028882136,0.06501938858328073,25,500,0.5,True,True,False,0.5,0.005756589999691641,13,aware-same-rate
LDPC,1000,6%,0.0645903028882136,0.06501938858328073,25,500,0.5,True,True,False,0.5,0.005937033000009251,13,aware-pipeline
LDPC,1000,6%,0.0645903028882136,0.06501938858328073,26,500,0.5,True,True,False,0.5,0.004162856999755604,8,uniform
LDPC,1000,6%,0.0645903028882136,0.06501938858328073,26,500,0.5,True,True,False,0.5,0.0032496139992872486,5,aware-same-rate
LDPC,1000,6%,0.0645903028882136,0.06501938858328073,26,500,0.5,True,True,False,0.5,0.003216857000552409,5,aware-pipeline
LDPC,1000,6%,0.0645903028882136,0.06501938858328073,27,500,0.5,True,True,False,0.5,0.004469653000342078,9,uniform
LDPC,1000,6%,0.0645903028882136,0.06501938858328073,27,500,0.5,True,True,False,0.5,0.004689573000177916,8,aware-same-rate
LDPC,1000,6%,0.0645903028882136,0.06501938858328073,27,500,0.5,True,True,False,0.5,0.004258644999936223,8,aware-pipeline
LDPC,1000,6%,0.0645903028882136,0.06501938858328073,28,500,0.5,True,True,False,0.5,0.005109254000672081,11,uniform
LDPC,1000,6%,0.0645903028882136,0.06501938858328073,28,500,0.5,True,True,False,0.5,0.004379965999760316,8,aware-same-rate
LDPC,1000,6%,0.0645903028882136,0.06501938858328073,28,500,0.5,True,True,False,0.5,0.00414018900028168,8,aware-pipeline
LDPC,1000,6%,0.0645903028882136,0.06501938858328073,29,500,0.5,True,True,False,0.5,0.0038657810000586323,7,uniform
LDPC,1000,6%,0.0645903028882136,0.06501938858328073,29,500,0.5,True,True,False,0.5,0.00407312599963916,7,aware-same-rate
LDPC,1000,6%,0.0645903028882136,0.06501938858328073,29,500,0.5,True,True,False,0.5,0.003953583000111394,7,aware-pipeline
LDPC,1000,6%,0.0645903028882136,0.06501938858328073,30,500,0.5,True,True,False,0.5,0.0036801779997404083,6,uniform
LDPC,1000,6%,0.0645903028882136,0.06501938858328073,30,500,0.5,True,True,False,0.5,0.003930930000024091,7,aware-same-rate
LDPC,1000,6%,0.0645903028882136,0.06501938858328073,30,500,0.5,True,True,False,0.5,0.003876560999742651,7,aware-pipeline
LDPC,1000,6%,0.0645903028882136,0.06501938858328073,31,500,0.5,False,False,False,0.0,0.039086820000193256,120,uniform
LDPC,1000,6%,0.0645903028882136,0.06501938858328073,31,500,0.5,True,True,False,0.5,0.00544521000028908,12,aware-same-rate
LDPC,1000,6%,0.0645903028882136,0.06501938858328073,31,500,0.5,True,True,False,0.5,0.005669713000315824,12,aware-pipeline
LDPC,1000,6%,0.0645903028882136,0.06501938858328073,32,500,0.5,True,True,False,0.5,0.006071003000215569,14,uniform
LDPC,1000,6%,0.0645903028882136,0.06501938858328073,32,500,0.5,True,True,False,0.5,0.005927469999733148,13,aware-same-rate
LDPC,1000,6%,0.0645903028882136,0.06501938858328073,32,500,0.5,True,True,False,0.5,0.0057698820000950946,13,aware-pipeline
LDPC,1000,6%,0.0645903028882136,0.06501938858328073,33,500,0.5,False,False,False,0.0,0.04057160899992596,120,uniform
LDPC,1000,6%,0.0645903028882136,0.06501938858328073,33,500,0.5,False,False,False,0.0,0.03920932600067317,120,aware-same-rate
LDPC,1000,6%,0.0645903028882136,0.06501938858328073,33,500,0.5,False,False,False,0.0,0.03910055399956036,120,aware-pipeline
LDPC,1000,6%,0.0645903028882136,0.06501938858328073,34,500,0.5,True,True,False,0.5,0.0053105449997019605,11,uniform
LDPC,1000,6%,0.0645903028882136,0.06501938858328073,34,500,0.5,True,True,False,0.5,0.004205117999845243,8,aware-same-rate
LDPC,1000,6%,0.0645903028882136,0.06501938858328073,34,500,0.5,True,True,False,0.5,0.004315090000091004,8,aware-pipeline
LDPC,1000,6%,0.0645903028882136,0.06501938858328073,35,500,0.5,True,True,False,0.5,0.0032785860003059497,5,uniform
LDPC,1000,6%,0.0645903028882136,0.06501938858328073,35,500,0.5,True,True,False,0.5,0.0030638209991593612,4,aware-same-rate
LDPC,1000,6%,0.0645903028882136,0.06501938858328073,35,500,0.5,True,True,False,0.5,0.0034923809998872457,4,aware-pipeline
LDPC,1000,6%,0.0645903028882136,0.06501938858328073,36,500,0.5,True,True,False,0.5,0.002942903000075603,4,uniform
LDPC,1000,6%,0.0645903028882136,0.06501938858328073,36,500,0.5,True,True,False,0.5,0.002934735000053479,4,aware-same-rate
LDPC,1000,6%,0.0645903028882136,0.06501938858328073,36,500,0.5,True,True,False,0.5,0.0029211290002422174,4,aware-pipeline
LDPC,1000,6%,0.0645903028882136,0.06501938858328073,37,500,0.5,True,True,False,0.5,0.0036663909995695576,6,uniform
LDPC,1000,6%,0.0645903028882136,0.06501938858328073,37,500,0.5,True,True,False,0.5,0.003928672999791161,7,aware-same-rate
LDPC,1000,6%,0.0645903028882136,0.06501938858328073,37,500,0.5,True,True,False,0.5,0.003938595999898098,7,aware-pipeline
LDPC,1000,6%,0.0645903028882136,0.06501938858328073,38,500,0.5,True,True,False,0.5,0.004029355000056967,7,uniform
LDPC,1000,6%,0.0645903028882136,0.06501938858328073,38,500,0.5,True,True,False,0.5,0.0037116539997441578,6,aware-same-rate
LDPC,1000,6%,0.0645903028882136,0.06501938858328073,38,500,0.5,True,True,False,0.5,0.003539234000527358,6,aware-pipeline
LDPC,1000,6%,0.0645903028882136,0.06501938858328073,39,500,0.5,True,True,False,0.5,0.005566017000091961,12,uniform
LDPC,1000,6%,0.0645903028882136,0.06501938858328073,39,500,0.5,True,True,False,0.5,0.004748415999529243,10,aware-same-rate
LDPC,1000,6%,0.0645903028882136,0.06501938858328073,39,500,0.5,True,True,False,0.5,0.005061733000729873,10,aware-pipeline
LDPC,4000,6%,0.0645903028882136,0.06501938858328073,0,2000,0.5,True,True,False,0.5,0.09619907499927649,19,uniform
LDPC,4000,6%,0.0645903028882136,0.06501938858328073,0,2000,0.5,True,True,False,0.5,0.06415367099998548,11,aware-same-rate
LDPC,4000,6%,0.0645903028882136,0.06501938858328073,0,2000,0.5,True,True,False,0.5,0.0645441850001589,11,aware-pipeline
LDPC,4000,6%,0.0645903028882136,0.06501938858328073,1,2000,0.5,True,True,False,0.5,0.050641349000215996,7,uniform
LDPC,4000,6%,0.0645903028882136,0.06501938858328073,1,2000,0.5,True,True,False,0.5,0.050455360999876575,7,aware-same-rate
LDPC,4000,6%,0.0645903028882136,0.06501938858328073,1,2000,0.5,True,True,False,0.5,0.050921144999847456,7,aware-pipeline
LDPC,4000,6%,0.0645903028882136,0.06501938858328073,2,2000,0.5,True,True,False,0.5,0.06782307499997842,12,uniform
LDPC,4000,6%,0.0645903028882136,0.06501938858328073,2,2000,0.5,True,True,False,0.5,0.053967941000337305,8,aware-same-rate
LDPC,4000,6%,0.0645903028882136,0.06501938858328073,2,2000,0.5,True,True,False,0.5,0.053442835000169,8,aware-pipeline
LDPC,4000,6%,0.0645903028882136,0.06501938858328073,3,2000,0.5,True,True,False,0.5,0.05748516700077744,9,uniform
LDPC,4000,6%,0.0645903028882136,0.06501938858328073,3,2000,0.5,True,True,False,0.5,0.050488299999415176,7,aware-same-rate
LDPC,4000,6%,0.0645903028882136,0.06501938858328073,3,2000,0.5,True,True,False,0.5,0.050567424000291794,7,aware-pipeline
LDPC,4000,6%,0.0645903028882136,0.06501938858328073,4,2000,0.5,True,True,False,0.5,0.06465208300051017,11,uniform
LDPC,4000,6%,0.0645903028882136,0.06501938858328073,4,2000,0.5,True,True,False,0.5,0.05402396299996326,8,aware-same-rate
LDPC,4000,6%,0.0645903028882136,0.06501938858328073,4,2000,0.5,True,True,False,0.5,0.053679660999478074,8,aware-pipeline
LDPC,4000,6%,0.0645903028882136,0.06501938858328073,5,2000,0.5,True,True,False,0.5,0.06526850099999137,11,uniform
LDPC,4000,6%,0.0645903028882136,0.06501938858328073,5,2000,0.5,True,True,False,0.5,0.05758070400042925,9,aware-same-rate
LDPC,4000,6%,0.0645903028882136,0.06501938858328073,5,2000,0.5,True,True,False,0.5,0.05710733599971718,9,aware-pipeline
LDPC,4000,6%,0.0645903028882136,0.06501938858328073,6,2000,0.5,True,True,False,0.5,0.10571124099988083,23,uniform
LDPC,4000,6%,0.0645903028882136,0.06501938858328073,6,2000,0.5,True,True,False,0.5,0.06731643100010842,12,aware-same-rate
LDPC,4000,6%,0.0645903028882136,0.06501938858328073,6,2000,0.5,True,True,False,0.5,0.06870167600027344,12,aware-pipeline
LDPC,4000,6%,0.0645903028882136,0.06501938858328073,7,2000,0.5,True,True,False,0.5,0.06895031299973198,12,uniform
LDPC,4000,6%,0.0645903028882136,0.06501938858328073,7,2000,0.5,True,True,False,0.5,0.05798024199975771,9,aware-same-rate
LDPC,4000,6%,0.0645903028882136,0.06501938858328073,7,2000,0.5,True,True,False,0.5,0.05747353900005692,9,aware-pipeline
LDPC,4000,6%,0.0645903028882136,0.06501938858328073,8,2000,0.5,True,True,False,0.5,0.05807870399985404,9,uniform
LDPC,4000,6%,0.0645903028882136,0.06501938858328073,8,2000,0.5,True,True,False,0.5,0.05076199900031497,7,aware-same-rate
LDPC,4000,6%,0.0645903028882136,0.06501938858328073,8,2000,0.5,True,True,False,0.5,0.05045122800038371,7,aware-pipeline
LDPC,4000,6%,0.0645903028882136,0.06501938858328073,9,2000,0.5,True,True,False,0.5,0.054289472999698773,8,uniform
LDPC,4000,6%,0.0645903028882136,0.06501938858328073,9,2000,0.5,True,True,False,0.5,0.047172591000162356,6,aware-same-rate
LDPC,4000,6%,0.0645903028882136,0.06501938858328073,9,2000,0.5,True,True,False,0.5,0.047526625000500644,6,aware-pipeline
LDPC,4000,6%,0.0645903028882136,0.06501938858328073,10,2000,0.5,True,True,False,0.5,0.06470005600021977,10,uniform
LDPC,4000,6%,0.0645903028882136,0.06501938858328073,10,2000,0.5,True,True,False,0.5,0.056887093000113964,8,aware-same-rate
LDPC,4000,6%,0.0645903028882136,0.06501938858328073,10,2000,0.5,True,True,False,0.5,0.056576650999886624,8,aware-pipeline
LDPC,4000,6%,0.0645903028882136,0.06501938858328073,11,2000,0.5,True,True,False,0.5,0.07974925300004543,14,uniform
LDPC,4000,6%,0.0645903028882136,0.06501938858328073,11,2000,0.5,True,True,False,0.5,0.06440552000003663,10,aware-same-rate
LDPC,4000,6%,0.0645903028882136,0.06501938858328073,11,2000,0.5,True,True,False,0.5,0.06476297799963504,10,aware-pipeline
LDPC,200,10%,0.10287739294312843,0.10235368383082334,0,150,0.75,True,True,False,0.25,0.0007586619994981447,8,uniform
LDPC,200,10%,0.10287739294312843,0.10235368383082334,0,150,0.75,True,True,False,0.25,0.0005597379995379015,7,aware-same-rate
LDPC,200,10%,0.10287739294312843,0.10235368383082334,0,120,0.6,True,True,False,0.4,0.00421848099995259,85,aware-pipeline
LDPC,200,10%,0.10287739294312843,0.10235368383082334,1,150,0.75,True,True,False,0.25,0.000498929999594111,6,uniform
LDPC,200,10%,0.10287739294312843,0.10235368383082334,1,150,0.75,True,True,False,0.25,0.000426225999945018,6,aware-same-rate
LDPC,200,10%,0.10287739294312843,0.10235368383082334,1,120,0.6,True,True,False,0.4,0.0005707389991584932,10,aware-pipeline
LDPC,200,10%,0.10287739294312843,0.10235368383082334,2,150,0.75,True,True,False,0.25,0.0004975129995727912,7,uniform
LDPC,200,10%,0.10287739294312843,0.10235368383082334,2,150,0.75,True,True,False,0.25,0.00031838500035519246,4,aware-same-rate
LDPC,200,10%,0.10287739294312843,0.10235368383082334,2,120,0.6,True,True,False,0.4,0.00037257199983287137,6,aware-pipeline
LDPC,200,10%,0.10287739294312843,0.10235368383082334,3,150,0.75,True,True,False,0.25,0.00023440200038749026,2,uniform
LDPC,200,10%,0.10287739294312843,0.10235368383082334,3,150,0.75,True,True,False,0.25,0.00021879799987800652,2,aware-same-rate
LDPC,200,10%,0.10287739294312843,0.10235368383082334,3,120,0.6,True,True,False,0.4,0.0002837150004779687,4,aware-pipeline
LDPC,200,10%,0.10287739294312843,0.10235368383082334,4,150,0.75,True,True,False,0.25,0.00043396700039011193,6,uniform
LDPC,200,10%,0.10287739294312843,0.10235368383082334,4,150,0.75,True,True,False,0.25,0.0003605430001698551,5,aware-same-rate
LDPC,200,10%,0.10287739294312843,0.10235368383082334,4,120,0.6,True,True,False,0.4,0.0005541910004467354,10,aware-pipeline
LDPC,200,10%,0.10287739294312843,0.10235368383082334,5,150,0.75,True,True,False,0.25,0.00038910500006750226,5,uniform
LDPC,200,10%,0.10287739294312843,0.10235368383082334,5,150,0.75,True,True,False,0.25,0.00031933500031300355,3,aware-same-rate
LDPC,200,10%,0.10287739294312843,0.10235368383082334,5,120,0.6,True,True,False,0.4,0.00040604300011182204,6,aware-pipeline
LDPC,200,10%,0.10287739294312843,0.10235368383082334,6,150,0.75,True,True,False,0.25,0.0004117520002182573,5,uniform
LDPC,200,10%,0.10287739294312843,0.10235368383082334,6,150,0.75,True,True,False,0.25,0.00039662600011070026,5,aware-same-rate
LDPC,200,10%,0.10287739294312843,0.10235368383082334,6,120,0.6,True,True,False,0.4,0.0004339239994806121,7,aware-pipeline
LDPC,200,10%,0.10287739294312843,0.10235368383082334,7,150,0.75,True,True,False,0.25,0.0005068979999123258,8,uniform
LDPC,200,10%,0.10287739294312843,0.10235368383082334,7,150,0.75,True,True,False,0.25,0.00035943200055044144,5,aware-same-rate
LDPC,200,10%,0.10287739294312843,0.10235368383082334,7,120,0.6,True,True,False,0.4,0.00033174100008181995,5,aware-pipeline
LDPC,200,10%,0.10287739294312843,0.10235368383082334,8,150,0.75,True,True,False,0.25,0.00033970799995586276,4,uniform
LDPC,200,10%,0.10287739294312843,0.10235368383082334,8,150,0.75,True,True,False,0.25,0.0003151159999106312,4,aware-same-rate
LDPC,200,10%,0.10287739294312843,0.10235368383082334,8,120,0.6,True,True,False,0.4,0.0004993259999537258,9,aware-pipeline
LDPC,200,10%,0.10287739294312843,0.10235368383082334,9,150,0.75,True,True,False,0.25,0.00027887499982170993,3,uniform
LDPC,200,10%,0.10287739294312843,0.10235368383082334,9,150,0.75,True,True,False,0.25,0.0002629549999255687,3,aware-same-rate
LDPC,200,10%,0.10287739294312843,0.10235368383082334,9,120,0.6,True,True,False,0.4,0.0003270859997428488,5,aware-pipeline
LDPC,200,10%,0.10287739294312843,0.10235368383082334,10,150,0.75,True,True,False,0.25,0.00041258799956267467,6,uniform
LDPC,200,10%,0.10287739294312843,0.10235368383082334,10,150,0.75,True,True,False,0.25,0.00044808499933424173,7,aware-same-rate
LDPC,200,10%,0.10287739294312843,0.10235368383082334,10,120,0.6,True,True,False,0.4,0.0008170049995896989,13,aware-pipeline
LDPC,200,10%,0.10287739294312843,0.10235368383082334,11,150,0.75,True,True,False,0.25,0.00031199800014292123,3,uniform
LDPC,200,10%,0.10287739294312843,0.10235368383082334,11,150,0.75,True,True,False,0.25,0.00029040599929430755,3,aware-same-rate
LDPC,200,10%,0.10287739294312843,0.10235368383082334,11,120,0.6,True,True,False,0.4,0.0004592909999701078,7,aware-pipeline
LDPC,200,10%,0.10287739294312843,0.10235368383082334,12,150,0.75,True,True,False,0.25,0.00036873199951514835,5,uniform
LDPC,200,10%,0.10287739294312843,0.10235368383082334,12,150,0.75,True,True,False,0.25,0.00031112699980440084,4,aware-same-rate
LDPC,200,10%,0.10287739294312843,0.10235368383082334,12,120,0.6,True,True,False,0.4,0.0005482499991558143,10,aware-pipeline
LDPC,200,10%,0.10287739294312843,0.10235368383082334,13,150,0.75,True,True,False,0.25,0.0003672459997687838,5,uniform
LDPC,200,10%,0.10287739294312843,0.10235368383082334,13,150,0.75,True,True,False,0.25,0.00031276400022761663,4,aware-same-rate
LDPC,200,10%,0.10287739294312843,0.10235368383082334,13,120,0.6,True,True,False,0.4,0.001026642999931937,21,aware-pipeline
LDPC,200,10%,0.10287739294312843,0.10235368383082334,14,150,0.75,True,True,False,0.25,0.0003204180002285284,4,uniform
LDPC,200,10%,0.10287739294312843,0.10235368383082334,14,150,0.75,True,True,False,0.25,0.0002677160000530421,3,aware-same-rate
LDPC,200,10%,0.10287739294312843,0.10235368383082334,14,120,0.6,True,True,False,0.4,0.00036899099995935103,6,aware-pipeline
LDPC,200,10%,0.10287739294312843,0.10235368383082334,15,150,0.75,True,True,False,0.25,0.00027548399975785287,3,uniform
LDPC,200,10%,0.10287739294312843,0.10235368383082334,15,150,0.75,True,True,False,0.25,0.0002727959999901941,3,aware-same-rate
LDPC,200,10%,0.10287739294312843,0.10235368383082334,15,120,0.6,True,True,False,0.4,0.0002837309993992676,4,aware-pipeline
LDPC,200,10%,0.10287739294312843,0.10235368383082334,16,150,0.75,True,True,False,0.25,0.00031655899965699064,3,uniform
LDPC,200,10%,0.10287739294312843,0.10235368383082334,16,150,0.75,True,True,False,0.25,0.0003427359997658641,4,aware-same-rate
LDPC,200,10%,0.10287739294312843,0.10235368383082334,16,120,0.6,True,True,False,0.4,0.0003119330003755749,4,aware-pipeline
LDPC,200,10%,0.10287739294312843,0.10235368383082334,17,150,0.75,True,True,False,0.25,0.0005629759998555528,8,uniform
LDPC,200,10%,0.10287739294312843,0.10235368383082334,17,150,0.75,True,True,False,0.25,0.00031972000033420045,4,aware-same-rate
LDPC,200,10%,0.10287739294312843,0.10235368383082334,17,120,0.6,False,False,False,0.0,0.005362597000384994,120,aware-pipeline
LDPC,200,10%,0.10287739294312843,0.10235368383082334,18,150,0.75,True,True,False,0.25,0.0004976260006515076,6,uniform
LDPC,200,10%,0.10287739294312843,0.10235368383082334,18,150,0.75,True,True,False,0.25,0.0005389769994508242,7,aware-same-rate
LDPC,200,10%,0.10287739294312843,0.10235368383082334,18,120,0.6,False,False,False,0.0,0.005400080999606871,120,aware-pipeline
LDPC,200,10%,0.10287739294312843,0.10235368383082334,19,150,0.75,True,True,False,0.25,0.0003892719996656524,4,uniform
LDPC,200,10%,0.10287739294312843,0.10235368383082334,19,150,0.75,True,True,False,0.25,0.00038298399977065856,4,aware-same-rate
LDPC,200,10%,0.10287739294312843,0.10235368383082334,19,120,0.6,True,True,False,0.4,0.00039056399964465527,5,aware-pipeline
LDPC,200,10%,0.10287739294312843,0.10235368383082334,20,150,0.75,True,True,False,0.25,0.00041171600059897173,5,uniform
LDPC,200,10%,0.10287739294312843,0.10235368383082334,20,150,0.75,True,True,False,0.25,0.00040463499954057625,5,aware-same-rate
LDPC,200,10%,0.10287739294312843,0.10235368383082334,20,120,0.6,False,False,False,0.0,0.005444315999739047,120,aware-pipeline
LDPC,200,10%,0.10287739294312843,0.10235368383082334,21,150,0.75,True,True,False,0.25,0.0004802350003956235,5,uniform
LDPC,200,10%,0.10287739294312843,0.10235368383082334,21,150,0.75,True,True,False,0.25,0.00045095000041328603,6,aware-same-rate
LDPC,200,10%,0.10287739294312843,0.10235368383082334,21,120,0.6,True,True,False,0.4,0.0012573009998959606,23,aware-pipeline
LDPC,200,10%,0.10287739294312843,0.10235368383082334,22,150,0.75,True,True,False,0.25,0.0003754600002139341,5,uniform
LDPC,200,10%,0.10287739294312843,0.10235368383082334,22,150,0.75,True,True,False,0.25,0.0004103339997527655,6,aware-same-rate
LDPC,200,10%,0.10287739294312843,0.10235368383082334,22,120,0.6,True,True,False,0.4,0.0005472599996210192,10,aware-pipeline
LDPC,200,10%,0.10287739294312843,0.10235368383082334,23,150,0.75,True,True,False,0.25,0.00028547200054163113,3,uniform
LDPC,200,10%,0.10287739294312843,0.10235368383082334,23,150,0.75,True,True,False,0.25,0.0002691490008146502,3,aware-same-rate
LDPC,200,10%,0.10287739294312843,0.10235368383082334,23,120,0.6,True,True,False,0.4,0.0008574450002925005,17,aware-pipeline
LDPC,200,10%,0.10287739294312843,0.10235368383082334,24,150,0.75,True,True,False,0.25,0.00037723799960076576,5,uniform
LDPC,200,10%,0.10287739294312843,0.10235368383082334,24,150,0.75,True,True,False,0.25,0.00032042699967860244,4,aware-same-rate
LDPC,200,10%,0.10287739294312843,0.10235368383082334,24,120,0.6,True,True,False,0.4,0.000676758999361482,13,aware-pipeline
LDPC,200,10%,0.10287739294312843,0.10235368383082334,25,150,0.75,True,True,False,0.25,0.0003565219994925428,4,uniform
LDPC,200,10%,0.10287739294312843,0.10235368383082334,25,150,0.75,True,True,False,0.25,0.00028697000016109087,3,aware-same-rate
LDPC,200,10%,0.10287739294312843,0.10235368383082334,25,120,0.6,True,True,False,0.4,0.00046059099986450747,7,aware-pipeline
LDPC,200,10%,0.10287739294312843,0.10235368383082334,26,150,0.75,True,True,False,0.25,0.00039471899981435854,5,uniform
LDPC,200,10%,0.10287739294312843,0.10235368383082334,26,150,0.75,True,True,False,0.25,0.00034748200050671585,4,aware-same-rate
LDPC,200,10%,0.10287739294312843,0.10235368383082334,26,120,0.6,True,True,False,0.4,0.00038294100068014814,6,aware-pipeline
LDPC,200,10%,0.10287739294312843,0.10235368383082334,27,150,0.75,True,True,False,0.25,0.00043261000064376276,6,uniform
LDPC,200,10%,0.10287739294312843,0.10235368383082334,27,150,0.75,True,True,False,0.25,0.00031265500001609325,4,aware-same-rate
LDPC,200,10%,0.10287739294312843,0.10235368383082334,27,120,0.6,True,True,False,0.4,0.00037176099976932164,6,aware-pipeline
LDPC,200,10%,0.10287739294312843,0.10235368383082334,28,150,0.75,True,True,False,0.25,0.0006519759999719099,11,uniform
LDPC,200,10%,0.10287739294312843,0.10235368383082334,28,150,0.75,True,True,False,0.25,0.00046593800016125897,7,aware-same-rate
LDPC,200,10%,0.10287739294312843,0.10235368383082334,28,120,0.6,True,True,False,0.4,0.0009925900003509014,19,aware-pipeline
LDPC,200,10%,0.10287739294312843,0.10235368383082334,29,150,0.75,True,True,False,0.25,0.0004451340000741766,6,uniform
LDPC,200,10%,0.10287739294312843,0.10235368383082334,29,150,0.75,True,True,False,0.25,0.0003605050005717203,5,aware-same-rate
LDPC,200,10%,0.10287739294312843,0.10235368383082334,29,120,0.6,True,True,False,0.4,0.00045787799990648637,8,aware-pipeline
LDPC,200,10%,0.10287739294312843,0.10235368383082334,30,150,0.75,True,True,False,0.25,0.0003703299998960574,4,uniform
LDPC,200,10%,0.10287739294312843,0.10235368383082334,30,150,0.75,True,True,False,0.25,0.0003468220002105227,4,aware-same-rate
LDPC,200,10%,0.10287739294312843,0.10235368383082334,30,120,0.6,True,True,False,0.4,0.0003930809998564655,5,aware-pipeline
LDPC,200,10%,0.10287739294312843,0.10235368383082334,31,150,0.75,True,True,False,0.25,0.0004860819999521482,6,uniform
LDPC,200,10%,0.10287739294312843,0.10235368383082334,31,150,0.75,True,True,False,0.25,0.00036773099964193534,5,aware-same-rate
LDPC,200,10%,0.10287739294312843,0.10235368383082334,31,120,0.6,True,True,False,0.4,0.0005895540007259115,11,aware-pipeline
LDPC,200,10%,0.10287739294312843,0.10235368383082334,32,150,0.75,True,True,False,0.25,0.0004703169997810619,7,uniform
LDPC,200,10%,0.10287739294312843,0.10235368383082334,32,150,0.75,True,True,False,0.25,0.0004035829997519613,6,aware-same-rate
LDPC,200,10%,0.10287739294312843,0.10235368383082334,32,120,0.6,False,False,False,0.0,0.005598634999842034,120,aware-pipeline
LDPC,200,10%,0.10287739294312843,0.10235368383082334,33,150,0.75,True,True,False,0.25,0.00033204499959538225,4,uniform
LDPC,200,10%,0.10287739294312843,0.10235368383082334,33,150,0.75,True,True,False,0.25,0.00027184099963051267,3,aware-same-rate
LDPC,200,10%,0.10287739294312843,0.10235368383082334,33,120,0.6,True,True,False,0.4,0.00033522800003993325,5,aware-pipeline
LDPC,200,10%,0.10287739294312843,0.10235368383082334,34,150,0.75,True,True,False,0.25,0.0004856909999944037,7,uniform
LDPC,200,10%,0.10287739294312843,0.10235368383082334,34,150,0.75,True,True,False,0.25,0.00035788599961961154,5,aware-same-rate
LDPC,200,10%,0.10287739294312843,0.10235368383082334,34,120,0.6,True,True,False,0.4,0.00046050599939917447,8,aware-pipeline
LDPC,200,10%,0.10287739294312843,0.10235368383082334,35,150,0.75,True,True,False,0.25,0.00041786800011323066,6,uniform
LDPC,200,10%,0.10287739294312843,0.10235368383082334,35,150,0.75,True,True,False,0.25,0.00031506599952990655,4,aware-same-rate
LDPC,200,10%,0.10287739294312843,0.10235368383082334,35,120,0.6,True,True,False,0.4,0.0006361499999911757,12,aware-pipeline
LDPC,200,10%,0.10287739294312843,0.10235368383082334,36,150,0.75,True,True,False,0.25,0.0002481699993950315,2,uniform
LDPC,200,10%,0.10287739294312843,0.10235368383082334,36,150,0.75,True,True,False,0.25,0.0002245599998786929,2,aware-same-rate
LDPC,200,10%,0.10287739294312843,0.10235368383082334,36,120,0.6,True,True,False,0.4,0.00028441500035114586,4,aware-pipeline
LDPC,200,10%,0.10287739294312843,0.10235368383082334,37,150,0.75,True,True,False,0.25,0.0003722669998751371,3,uniform
LDPC,200,10%,0.10287739294312843,0.10235368383082334,37,150,0.75,True,True,False,0.25,0.00029536999954871135,3,aware-same-rate
LDPC,200,10%,0.10287739294312843,0.10235368383082334,37,120,0.6,True,True,False,0.4,0.00041066900030273246,6,aware-pipeline
LDPC,200,10%,0.10287739294312843,0.10235368383082334,38,150,0.75,True,True,False,0.25,0.0008756540000831592,15,uniform
LDPC,200,10%,0.10287739294312843,0.10235368383082334,38,150,0.75,True,True,False,0.25,0.0007324449998122873,13,aware-same-rate
LDPC,200,10%,0.10287739294312843,0.10235368383082334,38,120,0.6,False,False,False,0.0,0.005378620000556111,120,aware-pipeline
LDPC,200,10%,0.10287739294312843,0.10235368383082334,39,150,0.75,True,True,False,0.25,0.00043578900022112066,5,uniform
LDPC,200,10%,0.10287739294312843,0.10235368383082334,39,150,0.75,True,True,False,0.25,0.0003466019998086267,4,aware-same-rate
LDPC,200,10%,0.10287739294312843,0.10235368383082334,39,120,0.6,False,False,False,0.0,0.005365228999835381,120,aware-pipeline
LDPC,1000,10%,0.10287739294312843,0.10235368383082334,0,600,0.6,True,True,False,0.4,0.006875645999571134,14,uniform
LDPC,1000,10%,0.10287739294312843,0.10235368383082334,0,600,0.6,True,True,False,0.4,0.004652274999898509,8,aware-same-rate
LDPC,1000,10%,0.10287739294312843,0.10235368383082334,0,600,0.6,True,True,False,0.4,0.004703745000369963,8,aware-pipeline
LDPC,1000,10%,0.10287739294312843,0.10235368383082334,1,600,0.6,True,True,False,0.4,0.0064034679999167565,13,uniform
LDPC,1000,10%,0.10287739294312843,0.10235368383082334,1,600,0.6,True,True,False,0.4,0.0045912900004623225,8,aware-same-rate
LDPC,1000,10%,0.10287739294312843,0.10235368383082334,1,600,0.6,True,True,False,0.4,0.004857324999647972,8,aware-pipeline
LDPC,1000,10%,0.10287739294312843,0.10235368383082334,2,600,0.6,True,True,False,0.4,0.005340361999515153,10,uniform
LDPC,1000,10%,0.10287739294312843,0.10235368383082334,2,600,0.6,True,True,False,0.4,0.006275063999964914,13,aware-same-rate
LDPC,1000,10%,0.10287739294312843,0.10235368383082334,2,600,0.6,True,True,False,0.4,0.0064854570000534295,13,aware-pipeline
LDPC,1000,10%,0.10287739294312843,0.10235368383082334,3,600,0.6,True,True,False,0.4,0.007015709000370407,15,uniform
LDPC,1000,10%,0.10287739294312843,0.10235368383082334,3,600,0.6,True,True,False,0.4,0.005788321000181895,11,aware-same-rate
LDPC,1000,10%,0.10287739294312843,0.10235368383082334,3,600,0.6,True,True,False,0.4,0.005770425999799045,11,aware-pipeline
LDPC,1000,10%,0.10287739294312843,0.10235368383082334,4,600,0.6,True,True,False,0.4,0.005033184999774676,9,uniform
LDPC,1000,10%,0.10287739294312843,0.10235368383082334,4,600,0.6,True,True,False,0.4,0.004326431999288616,7,aware-same-rate
LDPC,1000,10%,0.10287739294312843,0.10235368383082334,4,600,0.6,True,True,False,0.4,0.004383528000289516,7,aware-pipeline
LDPC,1000,10%,0.10287739294312843,0.10235368383082334,5,600,0.6,True,True,False,0.4,0.006025712999871757,12,uniform
LDPC,1000,10%,0.10287739294312843,0.10235368383082334,5,600,0.6,True,True,False,0.4,0.004613725000126578,8,aware-same-rate
LDPC,1000,10%,0.10287739294312843,0.10235368383082334,5,600,0.6,True,True,False,0.4,0.004700738999417808,8,aware-pipeline
LDPC,1000,10%,0.10287739294312843,0.10235368383082334,6,600,0.6,True,True,False,0.4,0.01328155700048228,34,uniform
LDPC,1000,10%,0.10287739294312843,0.10235368383082334,6,600,0.6,True,True,False,0.4,0.012546144000225468,32,aware-same-rate
LDPC,1000,10%,0.10287739294312843,0.10235368383082334,6,600,0.6,True,True,False,0.4,0.012777124000422191,32,aware-pipeline
LDPC,1000,10%,0.10287739294312843,0.10235368383082334,7,600,0.6,True,True,False,0.4,0.004776046999722894,8,uniform
LDPC,1000,10%,0.10287739294312843,0.10235368383082334,7,600,0.6,True,True,False,0.4,0.0042571889998725965,7,aware-same-rate
LDPC,1000,10%,0.10287739294312843,0.10235368383082334,7,600,0.6,True,True,False,0.4,0.0044698930005324655,7,aware-pipeline
LDPC,1000,10%,0.10287739294312843,0.10235368383082334,8,600,0.6,True,True,False,0.4,0.007665746999919065,17,uniform
LDPC,1000,10%,0.10287739294312843,0.10235368383082334,8,600,0.6,True,True,False,0.4,0.005690930000127992,11,aware-same-rate
LDPC,1000,10%,0.10287739294312843,0.10235368383082334,8,600,0.6,True,True,False,0.4,0.0056142280000130995,11,aware-pipeline
LDPC,1000,10%,0.10287739294312843,0.10235368383082334,9,600,0.6,True,True,False,0.4,0.012984482999854663,33,uniform
LDPC,1000,10%,0.10287739294312843,0.10235368383082334,9,600,0.6,True,True,False,0.4,0.006334227000479586,13,aware-same-rate
LDPC,1000,10%,0.10287739294312843,0.10235368383082334,9,600,0.6,True,True,False,0.4,0.006365150999954494,13,aware-pipeline
LDPC,1000,10%,0.10287739294312843,0.10235368383082334,10,600,0.6,True,True,False,0.4,0.005359766000765376,10,uniform
LDPC,1000,10%,0.10287739294312843,0.10235368383082334,10,600,0.6,True,True,False,0.4,0.004638437999346934,8,aware-same-rate
LDPC,1000,10%,0.10287739294312843,0.10235368383082334,10,600,0.6,True,True,False,0.4,0.004668288999710057,8,aware-pipeline
LDPC,1000,10%,0.10287739294312843,0.10235368383082334,11,600,0.6,False,False,False,0.0,0.042170683999756875,120,uniform
LDPC,1000,10%,0.10287739294312843,0.10235368383082334,11,600,0.6,True,True,False,0.4,0.009612142000150925,23,aware-same-rate
LDPC,1000,10%,0.10287739294312843,0.10235368383082334,11,600,0.6,True,True,False,0.4,0.009653396000430803,23,aware-pipeline
LDPC,1000,10%,0.10287739294312843,0.10235368383082334,12,600,0.6,True,True,False,0.4,0.005673200999808614,11,uniform
LDPC,1000,10%,0.10287739294312843,0.10235368383082334,12,600,0.6,True,True,False,0.4,0.004381017000014253,7,aware-same-rate
LDPC,1000,10%,0.10287739294312843,0.10235368383082334,12,600,0.6,True,True,False,0.4,0.004286393999791471,7,aware-pipeline
LDPC,1000,10%,0.10287739294312843,0.10235368383082334,13,600,0.6,True,True,False,0.4,0.02025969099940994,55,uniform
LDPC,1000,10%,0.10287739294312843,0.10235368383082334,13,600,0.6,True,True,False,0.4,0.007428952999362082,16,aware-same-rate
LDPC,1000,10%,0.10287739294312843,0.10235368383082334,13,600,0.6,True,True,False,0.4,0.007467379999980039,16,aware-pipeline
LDPC,1000,10%,0.10287739294312843,0.10235368383082334,14,600,0.6,True,True,False,0.4,0.00623790099962207,12,uniform
LDPC,1000,10%,0.10287739294312843,0.10235368383082334,14,600,0.6,True,True,False,0.4,0.005345616999875347,10,aware-same-rate
LDPC,1000,10%,0.10287739294312843,0.10235368383082334,14,600,0.6,True,True,False,0.4,0.005280720999508048,10,aware-pipeline
LDPC,1000,10%,0.10287739294312843,0.10235368383082334,15,600,0.6,False,False,False,0.0,0.041861783000058495,120,uniform
LDPC,1000,10%,0.10287739294312843,0.10235368383082334,15,600,0.6,True,True,False,0.4,0.007541609999861976,16,aware-same-rate
LDPC,1000,10%,0.10287739294312843,0.10235368383082334,15,600,0.6,True,True,False,0.4,0.007283996999831288,16,aware-pipeline
LDPC,1000,10%,0.10287739294312843,0.10235368383082334,16,600,0.6,False,False,False,0.0,0.041069425999921805,120,uniform
LDPC,1000,10%,0.10287739294312843,0.10235368383082334,16,600,0.6,True,True,False,0.4,0.029462645999956294,85,aware-same-rate
LDPC,1000,10%,0.10287739294312843,0.10235368383082334,16,600,0.6,True,True,False,0.4,0.02944433399989066,85,aware-pipeline
LDPC,1000,10%,0.10287739294312843,0.10235368383082334,17,600,0.6,True,True,False,0.4,0.005237076000412344,10,uniform
LDPC,1000,10%,0.10287739294312843,0.10235368383082334,17,600,0.6,True,True,False,0.4,0.0038980429999355692,6,aware-same-rate
LDPC,1000,10%,0.10287739294312843,0.10235368383082334,17,600,0.6,True,True,False,0.4,0.003907991999767546,6,aware-pipeline
LDPC,1000,10%,0.10287739294312843,0.10235368383082334,18,600,0.6,True,True,False,0.4,0.005069283000011637,9,uniform
LDPC,1000,10%,0.10287739294312843,0.10235368383082334,18,600,0.6,True,True,False,0.4,0.0042935289993693004,7,aware-same-rate
LDPC,1000,10%,0.10287739294312843,0.10235368383082334,18,600,0.6,True,True,False,0.4,0.004228328000863257,7,aware-pipeline
LDPC,1000,10%,0.10287739294312843,0.10235368383082334,19,600,0.6,False,False,False,0.0,0.0414372370005367,120,uniform
LDPC,1000,10%,0.10287739294312843,0.10235368383082334,19,600,0.6,True,True,False,0.4,0.0070753059999333345,15,aware-same-rate
LDPC,1000,10%,0.10287739294312843,0.10235368383082334,19,600,0.6,True,True,False,0.4,0.006981246000577812,15,aware-pipeline
LDPC,1000,10%,0.10287739294312843,0.10235368383082334,20,600,0.6,False,False,False,0.0,0.041361487000358466,120,uniform
LDPC,1000,10%,0.10287739294312843,0.10235368383082334,20,600,0.6,True,True,False,0.4,0.005295209999530925,10,aware-same-rate
LDPC,1000,10%,0.10287739294312843,0.10235368383082334,20,600,0.6,True,True,False,0.4,0.005232438000348338,10,aware-pipeline
LDPC,1000,10%,0.10287739294312843,0.10235368383082334,21,600,0.6,True,True,False,0.4,0.006340339999951539,13,uniform
LDPC,1000,10%,0.10287739294312843,0.10235368383082334,21,600,0.6,True,True,False,0.4,0.004545439000139595,8,aware-same-rate
LDPC,1000,10%,0.10287739294312843,0.10235368383082334,21,600,0.6,True,True,False,0.4,0.0045631969996975386,8,aware-pipeline
LDPC,1000,10%,0.10287739294312843,0.10235368383082334,22,600,0.6,True,True,False,0.4,0.012903539999570057,34,uniform
LDPC,1000,10%,0.10287739294312843,0.10235368383082334,22,600,0.6,True,True,False,0.4,0.0077428260001397575,18,aware-same-rate
LDPC,1000,10%,0.10287739294312843,0.10235368383082334,22,600,0.6,True,True,False,0.4,0.007753402999696846,18,aware-pipeline
LDPC,1000,10%,0.10287739294312843,0.10235368383082334,23,600,0.6,True,True,False,0.4,0.008105695999802265,19,uniform
LDPC,1000,10%,0.10287739294312843,0.10235368383082334,23,600,0.6,True,True,False,0.4,0.005182449000130873,10,aware-same-rate
LDPC,1000,10%,0.10287739294312843,0.10235368383082334,23,600,0.6,True,True,False,0.4,0.005190924000089581,10,aware-pipeline
LDPC,1000,10%,0.10287739294312843,0.10235368383082334,24,600,0.6,True,True,False,0.4,0.017070615999728034,47,uniform
LDPC,1000,10%,0.10287739294312843,0.10235368383082334,24,600,0.6,True,True,False,0.4,0.004883494999376126,9,aware-same-rate
LDPC,1000,10%,0.10287739294312843,0.10235368383082334,24,600,0.6,True,True,False,0.4,0.004881503999968118,9,aware-pipeline
LDPC,1000,10%,0.10287739294312843,0.10235368383082334,25,600,0.6,True,True,False,0.4,0.013874291000320227,37,uniform
LDPC,1000,10%,0.10287739294312843,0.10235368383082334,25,600,0.6,True,True,False,0.4,0.005499614000655129,11,aware-same-rate
LDPC,1000,10%,0.10287739294312843,0.10235368383082334,25,600,0.6,True,True,False,0.4,0.0055295590000241646,11,aware-pipeline
LDPC,1000,10%,0.10287739294312843,0.10235368383082334,26,600,0.6,True,True,False,0.4,0.005836857999383938,12,uniform
LDPC,1000,10%,0.10287739294312843,0.10235368383082334,26,600,0.6,True,True,False,0.4,0.005506718999640725,11,aware-same-rate
LDPC,1000,10%,0.10287739294312843,0.10235368383082334,26,600,0.6,True,True,False,0.4,0.005502786999386444,11,aware-pipeline
LDPC,1000,10%,0.10287739294312843,0.10235368383082334,27,600,0.6,False,False,False,0.0,0.040898218000620545,120,uniform
LDPC,1000,10%,0.10287739294312843,0.10235368383082334,27,600,0.6,True,True,False,0.4,0.00626296199970966,13,aware-same-rate
LDPC,1000,10%,0.10287739294312843,0.10235368383082334,27,600,0.6,True,True,False,0.4,0.00621498199961934,13,aware-pipeline
LDPC,1000,10%,0.10287739294312843,0.10235368383082334,28,600,0.6,True,True,False,0.4,0.006195513999955438,13,uniform
LDPC,1000,10%,0.10287739294312843,0.10235368383082334,28,600,0.6,True,True,False,0.4,0.005207892000726133,10,aware-same-rate
LDPC,1000,10%,0.10287739294312843,0.10235368383082334,28,600,0.6,True,True,False,0.4,0.005289634999826376,10,aware-pipeline
LDPC,1000,10%,0.10287739294312843,0.10235368383082334,29,600,0.6,True,True,False,0.4,0.008830997999211831,21,uniform
LDPC,1000,10%,0.10287739294312843,0.10235368383082334,29,600,0.6,True,True,False,0.4,0.005218121999860159,10,aware-same-rate
LDPC,1000,10%,0.10287739294312843,0.10235368383082334,29,600,0.6,True,True,False,0.4,0.005243249000159267,10,aware-pipeline
LDPC,1000,10%,0.10287739294312843,0.10235368383082334,30,600,0.6,True,True,False,0.4,0.005580687000474427,11,uniform
LDPC,1000,10%,0.10287739294312843,0.10235368383082334,30,600,0.6,True,True,False,0.4,0.004585204000250087,8,aware-same-rate
LDPC,1000,10%,0.10287739294312843,0.10235368383082334,30,600,0.6,True,True,False,0.4,0.004595673000039824,8,aware-pipeline
LDPC,1000,10%,0.10287739294312843,0.10235368383082334,31,600,0.6,True,True,False,0.4,0.0056076780001603765,11,uniform
LDPC,1000,10%,0.10287739294312843,0.10235368383082334,31,600,0.6,True,True,False,0.4,0.004275371999938216,7,aware-same-rate
LDPC,1000,10%,0.10287739294312843,0.10235368383082334,31,600,0.6,True,True,False,0.4,0.004289950999918801,7,aware-pipeline
LDPC,1000,10%,0.10287739294312843,0.10235368383082334,32,600,0.6,True,True,False,0.4,0.009806445999856805,24,uniform
LDPC,1000,10%,0.10287739294312843,0.10235368383082334,32,600,0.6,True,True,False,0.4,0.005597749999651569,11,aware-same-rate
LDPC,1000,10%,0.10287739294312843,0.10235368383082334,32,600,0.6,True,True,False,0.4,0.005602089999229065,11,aware-pipeline
LDPC,1000,10%,0.10287739294312843,0.10235368383082334,33,600,0.6,True,True,False,0.4,0.003996346999883826,6,uniform
LDPC,1000,10%,0.10287739294312843,0.10235368383082334,33,600,0.6,True,True,False,0.4,0.003954963000069256,6,aware-same-rate
LDPC,1000,10%,0.10287739294312843,0.10235368383082334,33,600,0.6,True,True,False,0.4,0.0039359920001516,6,aware-pipeline
LDPC,1000,10%,0.10287739294312843,0.10235368383082334,34,600,0.6,True,True,False,0.4,0.005915974000345159,12,uniform
LDPC,1000,10%,0.10287739294312843,0.10235368383082334,34,600,0.6,True,True,False,0.4,0.004968710999492032,9,aware-same-rate
LDPC,1000,10%,0.10287739294312843,0.10235368383082334,34,600,0.6,True,True,False,0.4,0.0049506830000609625,9,aware-pipeline
LDPC,1000,10%,0.10287739294312843,0.10235368383082334,35,600,0.6,True,True,False,0.4,0.0056359690006502206,11,uniform
LDPC,1000,10%,0.10287739294312843,0.10235368383082334,35,600,0.6,True,True,False,0.4,0.005240806000074372,10,aware-same-rate
LDPC,1000,10%,0.10287739294312843,0.10235368383082334,35,600,0.6,True,True,False,0.4,0.005233419999967737,10,aware-pipeline
LDPC,1000,10%,0.10287739294312843,0.10235368383082334,36,600,0.6,True,True,False,0.4,0.005599162000180513,11,uniform
LDPC,1000,10%,0.10287739294312843,0.10235368383082334,36,600,0.6,True,True,False,0.4,0.005226986999332439,10,aware-same-rate
LDPC,1000,10%,0.10287739294312843,0.10235368383082334,36,600,0.6,True,True,False,0.4,0.00527251499988779,10,aware-pipeline
LDPC,1000,10%,0.10287739294312843,0.10235368383082334,37,600,0.6,True,True,False,0.4,0.008527467000021716,20,uniform
LDPC,1000,10%,0.10287739294312843,0.10235368383082334,37,600,0.6,True,True,False,0.4,0.0059210819999862,12,aware-same-rate
LDPC,1000,10%,0.10287739294312843,0.10235368383082334,37,600,0.6,True,True,False,0.4,0.005882020000171906,12,aware-pipeline
LDPC,1000,10%,0.10287739294312843,0.10235368383082334,38,600,0.6,True,True,False,0.4,0.0075583620000543306,17,uniform
LDPC,1000,10%,0.10287739294312843,0.10235368383082334,38,600,0.6,True,True,False,0.4,0.005579992000093625,11,aware-same-rate
LDPC,1000,10%,0.10287739294312843,0.10235368383082334,38,600,0.6,True,True,False,0.4,0.005555972000365728,11,aware-pipeline
LDPC,1000,10%,0.10287739294312843,0.10235368383082334,39,600,0.6,False,False,False,0.0,0.04094840600009775,120,uniform
LDPC,1000,10%,0.10287739294312843,0.10235368383082334,39,600,0.6,True,True,False,0.4,0.010055701999590383,25,aware-same-rate
LDPC,1000,10%,0.10287739294312843,0.10235368383082334,39,600,0.6,True,True,False,0.4,0.010243835999972362,25,aware-pipeline
LDPC,4000,10%,0.10287739294312843,0.10235368383082334,0,2400,0.6,True,True,False,0.4,0.11719947599976877,22,uniform
LDPC,4000,10%,0.10287739294312843,0.10235368383082334,0,2400,0.6,True,True,False,0.4,0.0779293300001882,12,aware-same-rate
LDPC,4000,10%,0.10287739294312843,0.10235368383082334,0,2400,0.6,True,True,False,0.4,0.07915887599938287,12,aware-pipeline
LDPC,4000,10%,0.10287739294312843,0.10235368383082334,1,2400,0.6,True,True,False,0.4,0.10826249199999438,19,uniform
LDPC,4000,10%,0.10287739294312843,0.10235368383082334,1,2400,0.6,True,True,False,0.4,0.07594223100022646,11,aware-same-rate
LDPC,4000,10%,0.10287739294312843,0.10235368383082334,1,2400,0.6,True,True,False,0.4,0.07653281900002185,11,aware-pipeline
LDPC,4000,10%,0.10287739294312843,0.10235368383082334,2,2400,0.6,True,True,False,0.4,0.2021472550004546,42,uniform
LDPC,4000,10%,0.10287739294312843,0.10235368383082334,2,2400,0.6,True,True,False,0.4,0.08076646199970128,12,aware-same-rate
LDPC,4000,10%,0.10287739294312843,0.10235368383082334,2,2400,0.6,True,True,False,0.4,0.07985209900016343,12,aware-pipeline
LDPC,4000,10%,0.10287739294312843,0.10235368383082334,3,2400,0.6,True,True,False,0.4,0.09120714599976054,15,uniform
LDPC,4000,10%,0.10287739294312843,0.10235368383082334,3,2400,0.6,True,True,False,0.4,0.08368218400028127,13,aware-same-rate
LDPC,4000,10%,0.10287739294312843,0.10235368383082334,3,2400,0.6,True,True,False,0.4,0.08170782100023644,13,aware-pipeline
LDPC,4000,10%,0.10287739294312843,0.10235368383082334,4,2400,0.6,True,True,False,0.4,0.1258255700004156,24,uniform
LDPC,4000,10%,0.10287739294312843,0.10235368383082334,4,2400,0.6,True,True,False,0.4,0.08199898299972119,12,aware-same-rate
LDPC,4000,10%,0.10287739294312843,0.10235368383082334,4,2400,0.6,True,True,False,0.4,0.0809839670000656,12,aware-pipeline
LDPC,4000,10%,0.10287739294312843,0.10235368383082334,5,2400,0.6,True,True,False,0.4,0.10142931799964572,16,uniform
LDPC,4000,10%,0.10287739294312843,0.10235368383082334,5,2400,0.6,True,True,False,0.4,0.09872892200019123,11,aware-same-rate
LDPC,4000,10%,0.10287739294312843,0.10235368383082334,5,2400,0.6,True,True,False,0.4,0.07865792400025384,11,aware-pipeline
LDPC,4000,10%,0.10287739294312843,0.10235368383082334,6,2400,0.6,True,True,False,0.4,0.1126151899998149,19,uniform
LDPC,4000,10%,0.10287739294312843,0.10235368383082334,6,2400,0.6,True,True,False,0.4,0.08215544699942257,12,aware-same-rate
LDPC,4000,10%,0.10287739294312843,0.10235368383082334,6,2400,0.6,True,True,False,0.4,0.08252829699995345,12,aware-pipeline
LDPC,4000,10%,0.10287739294312843,0.10235368383082334,7,2400,0.6,True,True,False,0.4,0.16554143199937243,33,uniform
LDPC,4000,10%,0.10287739294312843,0.10235368383082334,7,2400,0.6,True,True,False,0.4,0.10807932500028983,19,aware-same-rate
LDPC,4000,10%,0.10287739294312843,0.10235368383082334,7,2400,0.6,True,True,False,0.4,0.10671877900040272,19,aware-pipeline
LDPC,4000,10%,0.10287739294312843,0.10235368383082334,8,2400,0.6,True,True,False,0.4,0.0939311030006138,16,uniform
LDPC,4000,10%,0.10287739294312843,0.10235368383082334,8,2400,0.6,True,True,False,0.4,0.07024414099942078,10,aware-same-rate
LDPC,4000,10%,0.10287739294312843,0.10235368383082334,8,2400,0.6,True,True,False,0.4,0.07036602399966796,10,aware-pipeline
LDPC,4000,10%,0.10287739294312843,0.10235368383082334,9,2400,0.6,True,True,False,0.4,0.10144697900068422,18,uniform
LDPC,4000,10%,0.10287739294312843,0.10235368383082334,9,2400,0.6,True,True,False,0.4,0.0699200799999744,10,aware-same-rate
LDPC,4000,10%,0.10287739294312843,0.10235368383082334,9,2400,0.6,True,True,False,0.4,0.07477082400055224,10,aware-pipeline
LDPC,4000,10%,0.10287739294312843,0.10235368383082334,10,2400,0.6,True,True,False,0.4,0.11113489099989238,18,uniform
LDPC,4000,10%,0.10287739294312843,0.10235368383082334,10,2400,0.6,True,True,False,0.4,0.10657747599998402,12,aware-same-rate
LDPC,4000,10%,0.10287739294312843,0.10235368383082334,10,2400,0.6,True,True,False,0.4,0.10746477100019547,12,aware-pipeline
LDPC,4000,10%,0.10287739294312843,0.10235368383082334,11,2400,0.6,True,True,False,0.4,0.19023342299988144,32,uniform
LDPC,4000,10%,0.10287739294312843,0.10235368383082334,11,2400,0.6,True,True,False,0.4,0.1141186459999517,16,aware-same-rate
LDPC,4000,10%,0.10287739294312843,0.10235368383082334,11,2400,0.6,True,True,False,0.4,0.11297106399979384,16,aware-pipeline
