method,n,qber_label,p_true,p_est,trial,leaked_bits,syndrome_rate,claimed_success,correct,undetected_error,net_key_fraction,time_s,work_units
LDPC,192,1%,0.009699942551593089,0.01082753286929621,0,72,0.375,True,True,False,0.625,0.00027219099956710124,1
GRAND,192,1%,0.009699942551593089,0.01082753286929621,0,33,0.171875,False,False,False,0.0,0.34656973099936295,2000000
LDPC,192,1%,0.009699942551593089,0.01082753286929621,1,72,0.375,True,True,False,0.625,0.00021708999975089682,1
GRAND,192,1%,0.009699942551593089,0.01082753286929621,1,33,0.171875,True,True,False,0.828125,2.8096999812987633e-05,1
LDPC,192,1%,0.009699942551593089,0.01082753286929621,2,72,0.375,True,True,False,0.625,0.000125247000141826,1
GRAND,192,1%,0.009699942551593089,0.01082753286929621,2,33,0.171875,True,True,False,0.828125,3.989200013165828e-05,112
LDPC,192,1%,0.009699942551593089,0.01082753286929621,3,72,0.375,True,True,False,0.625,0.00011965600060648285,1
GRAND,192,1%,0.009699942551593089,0.01082753286929621,3,33,0.171875,True,True,False,0.828125,0.03144768899983319,179843
LDPC,192,1%,0.009699942551593089,0.01082753286929621,4,72,0.375,True,True,False,0.625,0.0001471209998271661,1
GRAND,192,1%,0.009699942551593089,0.01082753286929621,4,33,0.171875,True,True,False,0.828125,4.290300057618879e-05,71
LDPC,192,1%,0.009699942551593089,0.01082753286929621,5,72,0.375,True,True,False,0.625,0.0001980639999601408,3
GRAND,192,1%,0.009699942551593089,0.01082753286929621,5,33,0.171875,True,True,False,0.828125,0.2186431560003257,1255709
LDPC,192,1%,0.009699942551593089,0.01082753286929621,6,72,0.375,True,True,False,0.625,0.0002037190006376477,1
GRAND,192,1%,0.009699942551593089,0.01082753286929621,6,33,0.171875,True,True,False,0.828125,0.00010869200013985392,341
LDPC,192,1%,0.009699942551593089,0.01082753286929621,7,72,0.375,True,True,False,0.625,0.00011929500033147633,1
GRAND,192,1%,0.009699942551593089,0.01082753286929621,7,33,0.171875,True,True,False,0.828125,0.003173460999278177,18087
LDPC,192,1%,0.009699942551593089,0.01082753286929621,8,72,0.375,True,True,False,0.625,0.0001294069998039049,1
GRAND,192,1%,0.009699942551593089,0.01082753286929621,8,33,0.171875,True,True,False,0.828125,4.769600036524935e-05,186
LDPC,192,1%,0.009699942551593089,0.01082753286929621,9,72,0.375,True,True,False,0.625,0.00010842700066859834,1
GRAND,192,1%,0.009699942551593089,0.01082753286929621,9,33,0.171875,True,True,False,0.828125,2.8307999855314847e-05,73
LDPC,192,1%,0.009699942551593089,0.01082753286929621,10,72,0.375,True,True,False,0.625,0.00010944499990728218,1
GRAND,192,1%,0.009699942551593089,0.01082753286929621,10,33,0.171875,True,True,False,0.828125,4.5572999624710064e-05,167
LDPC,192,1%,0.009699942551593089,0.01082753286929621,11,72,0.375,True,True,False,0.625,0.00019631499981187517,3
GRAND,192,1%,0.009699942551593089,0.01082753286929621,11,33,0.171875,True,True,False,0.828125,0.002701968000110355,15612
LDPC,192,1%,0.009699942551593089,0.01082753286929621,12,72,0.375,True,True,False,0.625,0.00012980900010006735,1
GRAND,192,1%,0.009699942551593089,0.01082753286929621,12,33,0.171875,True,True,False,0.828125,4.6550000661227386e-05,178
LDPC,192,1%,0.009699942551593089,0.01082753286929621,13,72,0.375,True,True,False,0.625,0.00010870599999179831,1
GRAND,192,1%,0.009699942551593089,0.01082753286929621,13,33,0.171875,True,True,False,0.828125,1.3732999832427595e-05,1
LDPC,192,1%,0.009699942551593089,0.01082753286929621,14,72,0.375,True,True,False,0.625,0.00010558399935689522,1
GRAND,192,1%,0.009699942551593089,0.01082753286929621,14,33,0.171875,True,True,False,0.828125,1.5034000170999207e-05,1
LDPC,192,1%,0.009699942551593089,0.01082753286929621,15,72,0.375,True,True,False,0.625,0.00012845400033256738,1
GRAND,192,1%,0.009699942551593089,0.01082753286929621,15,33,0.171875,True,True,False,0.828125,0.09286181700008456,537009
LDPC,192,1%,0.009699942551593089,0.01082753286929621,16,72,0.375,True,True,False,0.625,0.0001439990001017577,1
GRAND,192,1%,0.009699942551593089,0.01082753286929621,16,33,0.171875,True,True,False,0.828125,4.545700085145654e-05,88
LDPC,192,1%,0.009699942551593089,0.01082753286929621,17,72,0.375,True,True,False,0.625,0.00010872700022446224,1
GRAND,192,1%,0.009699942551593089,0.01082753286929621,17,33,0.171875,True,True,False,0.828125,3.075200038438197e-05,85
LDPC,192,1%,0.009699942551593089,0.01082753286929621,18,72,0.375,True,True,False,0.625,0.00010715000007621711,1
GRAND,192,1%,0.009699942551593089,0.01082753286929621,18,33,0.171875,True,True,False,0.828125,0.001323294000030728,7470
LDPC,192,1%,0.009699942551593089,0.01082753286929621,19,72,0.375,True,True,False,0.625,0.0001146810000136611,1
GRAND,192,1%,0.009699942551593089,0.01082753286929621,19,33,0.171875,True,True,False,0.828125,4.770699979417259e-05,183
LDPC,192,1%,0.009699942551593089,0.01082753286929621,20,72,0.375,True,True,False,0.625,0.00019160000010742806,3
GRAND,192,1%,0.009699942551593089,0.01082753286929621,20,33,0.171875,False,False,False,0.0,0.34774678599933395,2000000
LDPC,192,1%,0.009699942551593089,0.01082753286929621,21,72,0.375,True,True,False,0.625,0.00021661400023731403,1
GRAND,192,1%,0.009699942551593089,0.01082753286929621,21,33,0.171875,True,True,False,0.828125,5.297799998515984e-05,90
LDPC,192,1%,0.009699942551593089,0.01082753286929621,22,72,0.375,True,True,False,0.625,0.00012992399933864363,1
GRAND,192,1%,0.009699942551593089,0.01082753286929621,22,33,0.171875,True,True,False,0.828125,2.1580000066023786e-05,13
LDPC,192,1%,0.009699942551593089,0.01082753286929621,23,72,0.375,False,False,False,0.0,0.004800091000106477,120
GRAND,192,1%,0.009699942551593089,0.01082753286929621,23,33,0.171875,True,True,False,0.828125,0.05713450999974157,327815
LDPC,192,1%,0.009699942551593089,0.01082753286929621,24,72,0.375,True,True,False,0.625,0.00017948299955605762,1
GRAND,192,1%,0.009699942551593089,0.01082753286929621,24,33,0.171875,True,True,False,0.828125,3.3519999306008685e-05,93
LDPC,192,1%,0.009699942551593089,0.01082753286929621,25,72,0.375,True,True,False,0.625,0.00011448799978097668,1
GRAND,192,1%,0.009699942551593089,0.01082753286929621,25,33,0.171875,True,True,False,0.828125,0.0016054939997047768,9041
LDPC,192,1%,0.009699942551593089,0.01082753286929621,26,72,0.375,True,True,False,0.625,0.00010997299978043884,1
GRAND,192,1%,0.009699942551593089,0.01082753286929621,26,33,0.171875,True,True,False,0.828125,1.4295999790192582e-05,1
LDPC,192,1%,0.009699942551593089,0.01082753286929621,27,72,0.375,True,True,False,0.625,0.0001076219996321015,1
GRAND,192,1%,0.009699942551593089,0.01082753286929621,27,33,0.171875,True,True,False,0.828125,0.0007174940001277719,4075
LDPC,192,1%,0.009699942551593089,0.01082753286929621,28,72,0.375,True,True,False,0.625,0.00012335300016275141,1
GRAND,192,1%,0.009699942551593089,0.01082753286929621,28,33,0.171875,True,True,False,0.828125,0.003037178999875323,17563
LDPC,192,1%,0.009699942551593089,0.01082753286929621,29,72,0.375,True,True,False,0.625,0.00012785599938069936,1
GRAND,192,1%,0.009699942551593089,0.01082753286929621,29,33,0.171875,True,True,False,0.828125,0.12375370700010535,685921
LDPC,192,1%,0.009699942551593089,0.01082753286929621,30,72,0.375,True,True,False,0.625,0.00013746799959335476,1
GRAND,192,1%,0.009699942551593089,0.01082753286929621,30,33,0.171875,True,True,False,0.828125,0.001894844999696943,10712
LDPC,192,1%,0.009699942551593089,0.01082753286929621,31,72,0.375,True,True,False,0.625,0.00010821999967447482,1
GRAND,192,1%,0.009699942551593089,0.01082753286929621,31,33,0.171875,True,True,False,0.828125,0.0031912980002744007,18370
LDPC,192,1%,0.009699942551593089,0.01082753286929621,32,72,0.375,True,True,False,0.625,0.00012860700007877313,1
GRAND,192,1%,0.009699942551593089,0.01082753286929621,32,33,0.171875,True,True,False,0.828125,6.036400009179488e-05,156
LDPC,192,1%,0.009699942551593089,0.01082753286929621,33,72,0.375,True,True,False,0.625,0.00010692000068956986,1
GRAND,192,1%,0.009699942551593089,0.01082753286929621,33,33,0.171875,True,True,False,0.828125,0.06369285599976138,368098
LDPC,192,1%,0.009699942551593089,0.01082753286929621,34,72,0.375,True,True,False,0.625,0.0001318399999945541,1
GRAND,192,1%,0.009699942551593089,0.01082753286929621,34,33,0.171875,True,True,False,0.828125,5.042100019636564e-05,191
LDPC,192,1%,0.009699942551593089,0.01082753286929621,35,72,0.375,True,True,False,0.625,0.00018994000038219383,3
GRAND,192,1%,0.009699942551593089,0.01082753286929621,35,33,0.171875,False,False,False,0.0,0.34048116200028744,2000000
LDPC,192,1%,0.009699942551593089,0.01082753286929621,36,72,0.375,True,True,False,0.625,0.0002302940001754905,1
GRAND,192,1%,0.009699942551593089,0.01082753286929621,36,33,0.171875,True,True,False,0.828125,5.311399945640005e-05,116
LDPC,192,1%,0.009699942551593089,0.01082753286929621,37,72,0.375,True,True,False,0.625,0.00020670899994001957,3
GRAND,192,1%,0.009699942551593089,0.01082753286929621,37,33,0.171875,False,False,False,0.0,0.3468040839998139,2000000
LDPC,192,1%,0.009699942551593089,0.01082753286929621,38,72,0.375,True,True,False,0.625,0.000194080999790458,1
GRAND,192,1%,0.009699942551593089,0.01082753286929621,38,33,0.171875,True,True,False,0.828125,0.08050669800013566,461778
LDPC,192,1%,0.009699942551593089,0.01082753286929621,39,72,0.375,True,True,False,0.625,0.00032809599997563055,3
GRAND,192,1%,0.009699942551593089,0.01082753286929621,39,33,0.171875,True,True,False,0.828125,0.0027982080000583665,15879
LDPC,192,1%,0.009699942551593089,0.01082753286929621,40,72,0.375,False,False,False,0.0,0.0047093889997995575,120
GRAND,192,1%,0.009699942551593089,0.01082753286929621,40,33,0.171875,True,True,False,0.828125,0.0239749500005928,137622
LDPC,192,1%,0.009699942551593089,0.01082753286929621,41,72,0.375,True,True,False,0.625,0.00016707000031601638,1
GRAND,192,1%,0.009699942551593089,0.01082753286929621,41,33,0.171875,True,True,False,0.828125,0.0028727039998557302,16341
LDPC,192,1%,0.009699942551593089,0.01082753286929621,42,72,0.375,True,True,False,0.625,0.00013357500029087532,1
GRAND,192,1%,0.009699942551593089,0.01082753286929621,42,33,0.171875,True,True,False,0.828125,2.0542000129353255e-05,1
LDPC,192,1%,0.009699942551593089,0.01082753286929621,43,72,0.375,True,True,False,0.625,0.00010687800022424199,1
GRAND,192,1%,0.009699942551593089,0.01082753286929621,43,33,0.171875,True,True,False,0.828125,3.8314999983413145e-05,133
LDPC,192,1%,0.009699942551593089,0.01082753286929621,44,72,0.375,True,True,False,0.625,0.00010948199997073971,1
GRAND,192,1%,0.009699942551593089,0.01082753286929621,44,33,0.171875,True,True,False,0.828125,5.031199998484226e-05,175
LDPC,192,1%,0.009699942551593089,0.01082753286929621,45,72,0.375,True,True,False,0.625,0.0001223839999511256,1
GRAND,192,1%,0.009699942551593089,0.01082753286929621,45,33,0.171875,True,True,False,0.828125,0.0017471589999331627,9844
LDPC,192,1%,0.009699942551593089,0.01082753286929621,46,72,0.375,True,True,False,0.625,0.00011031899975932902,1
GRAND,192,1%,0.009699942551593089,0.01082753286929621,46,33,0.171875,True,True,False,0.828125,1.4053999620955437e-05,1
LDPC,192,1%,0.009699942551593089,0.01082753286929621,47,72,0.375,True,True,False,0.625,0.00014771200039831456,2
GRAND,192,1%,0.009699942551593089,0.01082753286929621,47,33,0.171875,True,True,False,0.828125,0.19191126700025052,1109882
LDPC,192,1%,0.009699942551593089,0.01082753286929621,48,72,0.375,True,True,False,0.625,0.0001478040003348724,1
GRAND,192,1%,0.009699942551593089,0.01082753286929621,48,33,0.171875,True,True,False,0.828125,0.14481785499992839,846275
LDPC,192,1%,0.009699942551593089,0.01082753286929621,49,72,0.375,True,True,False,0.625,0.00016681800025253324,1
GRAND,192,1%,0.009699942551593089,0.01082753286929621,49,33,0.171875,True,True,False,0.828125,2.5484999241598416e-05,1
LDPC,192,1%,0.009699942551593089,0.01082753286929621,50,72,0.375,True,True,False,0.625,0.0001107239995690179,1
GRAND,192,1%,0.009699942551593089,0.01082753286929621,50,33,0.171875,True,True,False,0.828125,4.798499958269531e-05,186
LDPC,192,1%,0.009699942551593089,0.01082753286929621,51,72,0.375,True,True,False,0.625,0.00019192800027667545,3
GRAND,192,1%,0.009699942551593089,0.01082753286929621,51,33,0.171875,False,False,False,0.0,0.3470511510004144,2000000
LDPC,192,1%,0.009699942551593089,0.01082753286929621,52,72,0.375,True,True,False,0.625,0.00021448899951792555,1
GRAND,192,1%,0.009699942551593089,0.01082753286929621,52,33,0.171875,True,True,False,0.828125,0.04936799900042388,282728
LDPC,192,1%,0.009699942551593089,0.01082753286929621,53,72,0.375,True,True,False,0.625,0.00015771499965921976,1
GRAND,192,1%,0.009699942551593089,0.01082753286929621,53,33,0.171875,True,True,False,0.828125,0.15690612999969744,908216
LDPC,192,1%,0.009699942551593089,0.01082753286929621,54,72,0.375,True,True,False,0.625,0.00016463799966004444,1
GRAND,192,1%,0.009699942551593089,0.01082753286929621,54,33,0.171875,True,True,False,0.828125,0.1254382480001368,719877
LDPC,192,1%,0.009699942551593089,0.01082753286929621,55,72,0.375,True,True,False,0.625,0.00018543599981057923,1
GRAND,192,1%,0.009699942551593089,0.01082753286929621,55,33,0.171875,True,True,False,0.828125,0.0011019499997928506,6021
LDPC,192,1%,0.009699942551593089,0.01082753286929621,56,72,0.375,True,True,False,0.625,0.00011782500041590538,1
GRAND,192,1%,0.009699942551593089,0.01082753286929621,56,33,0.171875,True,True,False,0.828125,0.0017730859999574022,9836
LDPC,192,1%,0.009699942551593089,0.01082753286929621,57,72,0.375,False,False,False,0.0,0.004714014000455791,120
GRAND,192,1%,0.009699942551593089,0.01082753286929621,57,33,0.171875,False,False,False,0.0,0.3406027750006615,2000000
LDPC,192,1%,0.009699942551593089,0.01082753286929621,58,72,0.375,True,True,False,0.625,0.00019540500034054276,1
GRAND,192,1%,0.009699942551593089,0.01082753286929621,58,33,0.171875,True,True,False,0.828125,2.3967999368323945e-05,1
LDPC,192,1%,0.009699942551593089,0.01082753286929621,59,72,0.375,True,True,False,0.625,0.00011671199990814785,1
GRAND,192,1%,0.009699942551593089,0.01082753286929621,59,33,0.171875,True,True,False,0.828125,0.09561638700051844,560204
LDPC,256,1%,0.009699942551593089,0.01082753286929621,0,48,0.1875,False,False,False,0.0,0.005217312000240781,120
GRAND,256,1%,0.009699942551593089,0.01082753286929621,0,39,0.15234375,False,False,False,0.0,0.3341792979999809,2000000
LDPC,256,1%,0.009699942551593089,0.01082753286929621,1,48,0.1875,True,True,False,0.8125,0.00026256499950250145,1
GRAND,256,1%,0.009699942551593089,0.01082753286929621,1,39,0.15234375,True,True,False,0.84765625,5.393900028138887e-05,58
LDPC,256,1%,0.009699942551593089,0.01082753286929621,2,48,0.1875,False,False,False,0.0,0.005199721000280988,120
GRAND,256,1%,0.009699942551593089,0.01082753286929621,2,39,0.15234375,False,False,False,0.0,0.3348560410004211,2000000
LDPC,256,1%,0.009699942551593089,0.01082753286929621,3,48,0.1875,False,False,False,0.0,0.0053184540001893765,120
GRAND,256,1%,0.009699942551593089,0.01082753286929621,3,39,0.15234375,False,False,False,0.0,0.3337212720007301,2000000
LDPC,256,1%,0.009699942551593089,0.01082753286929621,4,48,0.1875,True,False,True,0.0,0.0003825779995167977,4
GRAND,256,1%,0.009699942551593089,0.01082753286929621,4,39,0.15234375,True,True,False,0.84765625,0.3225527909999073,1924884
LDPC,256,1%,0.009699942551593089,0.01082753286929621,5,48,0.1875,True,True,False,0.8125,0.00017988899980991846,1
GRAND,256,1%,0.009699942551593089,0.01082753286929621,5,39,0.15234375,True,True,False,0.84765625,3.1727000532555394e-05,29
LDPC,256,1%,0.009699942551593089,0.01082753286929621,6,48,0.1875,True,True,False,0.8125,0.00011566900047910167,1
GRAND,256,1%,0.009699942551593089,0.01082753286929621,6,39,0.15234375,True,True,False,0.84765625,0.0001462540003558388,725
LDPC,256,1%,0.009699942551593089,0.01082753286929621,7,48,0.1875,True,True,False,0.8125,0.00016288699953292962,2
GRAND,256,1%,0.009699942551593089,0.01082753286929621,7,39,0.15234375,False,False,False,0.0,0.3345298320000438,2000000
LDPC,256,1%,0.009699942551593089,0.01082753286929621,8,48,0.1875,False,False,False,0.0,0.00533171500046592,120
GRAND,256,1%,0.009699942551593089,0.01082753286929621,8,39,0.15234375,True,True,False,0.84765625,0.2060683509998853,1211445
LDPC,256,1%,0.009699942551593089,0.01082753286929621,9,48,0.1875,True,True,False,0.8125,0.0003504349997456302,3
GRAND,256,1%,0.009699942551593089,0.01082753286929621,9,39,0.15234375,False,False,False,0.0,0.33394044099986786,2000000
LDPC,256,1%,0.009699942551593089,0.01082753286929621,10,48,0.1875,True,True,False,0.8125,0.0002075160000458709,1
GRAND,256,1%,0.009699942551593089,0.01082753286929621,10,39,0.15234375,True,True,False,0.84765625,0.003227672999855713,19289
LDPC,256,1%,0.009699942551593089,0.01082753286929621,11,48,0.1875,True,True,False,0.8125,0.00015297600020858226,1
GRAND,256,1%,0.009699942551593089,0.01082753286929621,11,39,0.15234375,True,True,False,0.84765625,5.616899943561293e-05,111
LDPC,256,1%,0.009699942551593089,0.01082753286929621,12,48,0.1875,False,False,False,0.0,0.005126760000166541,120
GRAND,256,1%,0.009699942551593089,0.01082753286929621,12,39,0.15234375,False,False,False,0.0,0.33594347899997956,2000000
LDPC,256,1%,0.009699942551593089,0.01082753286929621,13,48,0.1875,True,True,False,0.8125,0.0002592509999885806,1
GRAND,256,1%,0.009699942551593089,0.01082753286929621,13,39,0.15234375,True,True,False,0.84765625,4.164199981460115e-05,2
LDPC,256,1%,0.009699942551593089,0.01082753286929621,14,48,0.1875,True,True,False,0.8125,0.00012089600022591185,1
GRAND,256,1%,0.009699942551593089,0.01082753286929621,14,39,0.15234375,True,True,False,0.84765625,0.0003884630004904466,2085
LDPC,256,1%,0.009699942551593089,0.01082753286929621,15,48,0.1875,True,True,False,0.8125,0.00020585299989761552,3
GRAND,256,1%,0.009699942551593089,0.01082753286929621,15,39,0.15234375,False,False,False,0.0,0.33443593900028645,2000000
LDPC,256,1%,0.009699942551593089,0.01082753286929621,16,48,0.1875,True,True,False,0.8125,0.00038595800015173154,3
GRAND,256,1%,0.009699942551593089,0.01082753286929621,16,39,0.15234375,True,True,False,0.84765625,0.08381284200004302,501670
LDPC,256,1%,0.009699942551593089,0.01082753286929621,17,48,0.1875,True,True,False,0.8125,0.00021552199996222043,2
GRAND,256,1%,0.009699942551593089,0.01082753286929621,17,39,0.15234375,True,True,False,0.84765625,0.03621910200035927,216129
LDPC,256,1%,0.009699942551593089,0.01082753286929621,18,48,0.1875,True,True,False,0.8125,0.00023904200043034507,3
GRAND,256,1%,0.009699942551593089,0.01082753286929621,18,39,0.15234375,False,False,False,0.0,0.3351019940000697,2000000
LDPC,256,1%,0.009699942551593089,0.01082753286929621,19,48,0.1875,True,True,False,0.8125,0.00020516200038400711,1
GRAND,256,1%,0.009699942551593089,0.01082753286929621,19,39,0.15234375,True,True,False,0.84765625,6.983399998716777e-05,128
LDPC,256,1%,0.009699942551593089,0.01082753286929621,20,48,0.1875,True,True,False,0.8125,0.00012269699982425664,1
GRAND,256,1%,0.009699942551593089,0.01082753286929621,20,39,0.15234375,True,True,False,0.84765625,0.001378069000566029,8076
LDPC,256,1%,0.009699942551593089,0.01082753286929621,21,48,0.1875,False,False,False,0.0,0.00522178899973369,120
GRAND,256,1%,0.009699942551593089,0.01082753286929621,21,39,0.15234375,True,True,False,0.84765625,0.002082160000099975,11848
LDPC,256,1%,0.009699942551593089,0.01082753286929621,22,48,0.1875,True,True,False,0.8125,0.001892364000013913,43
GRAND,256,1%,0.009699942551593089,0.01082753286929621,22,39,0.15234375,False,False,False,0.0,0.340209691000382,2000000
LDPC,256,1%,0.009699942551593089,0.01082753286929621,23,48,0.1875,True,True,False,0.8125,0.0007560149997516419,13
GRAND,256,1%,0.009699942551593089,0.01082753286929621,23,39,0.15234375,True,True,False,0.84765625,0.03257469299933291,194237
LDPC,256,1%,0.009699942551593089,0.01082753286929621,24,48,0.1875,True,True,False,0.8125,0.00014464400010183454,1
GRAND,256,1%,0.009699942551593089,0.01082753286929621,24,39,0.15234375,True,True,False,0.84765625,3.090500013058772e-05,57
LDPC,256,1%,0.009699942551593089,0.01082753286929621,25,48,0.1875,True,True,False,0.8125,0.00019982600042567356,3
GRAND,256,1%,0.009699942551593089,0.01082753286929621,25,39,0.15234375,True,True,False,0.84765625,0.005061625999587704,29543
LDPC,256,1%,0.009699942551593089,0.01082753286929621,26,48,0.1875,False,False,False,0.0,0.005167248000361724,120
GRAND,256,1%,0.009699942551593089,0.01082753286929621,26,39,0.15234375,False,False,False,0.0,0.33436274799987586,2000000
LDPC,256,1%,0.009699942551593089,0.01082753286929621,27,48,0.1875,True,True,False,0.8125,0.00024837399996613385,1
GRAND,256,1%,0.009699942551593089,0.01082753286929621,27,39,0.15234375,True,True,False,0.84765625,0.0014983229993958957,8476
LDPC,256,1%,0.009699942551593089,0.01082753286929621,28,48,0.1875,False,False,False,0.0,0.005158796999239712,120
GRAND,256,1%,0.009699942551593089,0.01082753286929621,28,39,0.15234375,True,True,False,0.84765625,5.834199964738218e-05,186
LDPC,256,1%,0.009699942551593089,0.01082753286929621,29,48,0.1875,True,True,False,0.8125,0.0002161780003007152,3
GRAND,256,1%,0.009699942551593089,0.01082753286929621,29,39,0.15234375,True,True,False,0.84765625,0.0015250179994836799,8829
LDPC,256,1%,0.009699942551593089,0.01082753286929621,30,48,0.1875,True,True,False,0.8125,0.00011129799986520084,1
GRAND,256,1%,0.009699942551593089,0.01082753286929621,30,39,0.15234375,True,True,False,0.84765625,1.7856000340543687e-05,1
LDPC,256,1%,0.009699942551593089,0.01082753286929621,31,48,0.1875,True,True,False,0.8125,0.00028443300016078865,5
GRAND,256,1%,0.009699942551593089,0.01082753286929621,31,39,0.15234375,False,False,False,0.0,0.3341502209996179,2000000
LDPC,256,1%,0.009699942551593089,0.01082753286929621,32,48,0.1875,True,True,False,0.8125,0.000264688999777718,1
GRAND,256,1%,0.009699942551593089,0.01082753286929621,32,39,0.15234375,True,True,False,0.84765625,0.004285674999664479,25244
LDPC,256,1%,0.009699942551593089,0.01082753286929621,33,48,0.1875,True,True,False,0.8125,0.0001849390000643325,2
GRAND,256,1%,0.009699942551593089,0.01082753286929621,33,39,0.15234375,True,True,False,0.84765625,0.0008132210004987428,4713
LDPC,256,1%,0.009699942551593089,0.01082753286929621,34,48,0.1875,True,True,False,0.8125,0.00020330100051069167,3
GRAND,256,1%,0.009699942551593089,0.01082753286929621,34,39,0.15234375,True,True,False,0.84765625,0.3262621820003915,1954905
LDPC,256,1%,0.009699942551593089,0.01082753286929621,35,48,0.1875,False,False,False,0.0,0.005295551999552117,120
GRAND,256,1%,0.009699942551593089,0.01082753286929621,35,39,0.15234375,True,True,False,0.84765625,0.0017955610001081368,10283
LDPC,256,1%,0.009699942551593089,0.01082753286929621,36,48,0.1875,True,True,False,0.8125,0.00016574700021010358,1
GRAND,256,1%,0.009699942551593089,0.01082753286929621,36,39,0.15234375,True,True,False,0.84765625,1.895300010801293e-05,1
LDPC,256,1%,0.009699942551593089,0.01082753286929621,37,48,0.1875,True,True,False,0.8125,0.00020515200048976112,3
GRAND,256,1%,0.009699942551593089,0.01082753286929621,37,39,0.15234375,False,False,False,0.0,0.33423636099996656,2000000
LDPC,256,1%,0.009699942551593089,0.01082753286929621,38,48,0.1875,True,True,False,0.8125,0.0005141000001458451,6
GRAND,256,1%,0.009699942551593089,0.01082753286929621,38,39,0.15234375,False,False,False,0.0,0.3354012079998938,2000000
LDPC,256,1%,0.009699942551593089,0.01082753286929621,39,48,0.1875,True,True,False,0.8125,0.0001871069998742314,1
GRAND,256,1%,0.009699942551593089,0.01082753286929621,39,39,0.15234375,True,True,False,0.84765625,2.785399919957854e-05,1
LDPC,256,1%,0.009699942551593089,0.01082753286929621,40,48,0.1875,True,True,False,0.8125,0.0001177929998448235,1
GRAND,256,1%,0.009699942551593089,0.01082753286929621,40,39,0.15234375,True,True,False,0.84765625,0.0022836889993413934,12531
LDPC,256,1%,0.009699942551593089,0.01082753286929621,41,48,0.1875,False,False,False,0.0,0.005155132000254525,120
GRAND,256,1%,0.009699942551593089,0.01082753286929621,41,39,0.15234375,False,False,False,0.0,0.33390603699990606,2000000
LDPC,256,1%,0.009699942551593089,0.01082753286929621,42,48,0.1875,True,True,False,0.8125,0.00021367099998315098,1
GRAND,256,1%,0.009699942551593089,0.01082753286929621,42,39,0.15234375,True,True,False,0.84765625,0.004237019999891345,24351
LDPC,256,1%,0.009699942551593089,0.01082753286929621,43,48,0.1875,True,True,False,0.8125,0.00014638199991168221,1
GRAND,256,1%,0.009699942551593089,0.01082753286929621,43,39,0.15234375,True,True,False,0.84765625,2.788399979181122e-05,36
LDPC,256,1%,0.009699942551593089,0.01082753286929621,44,48,0.1875,False,False,False,0.0,0.0051406009997663205,120
GRAND,256,1%,0.009699942551593089,0.01082753286929621,44,39,0.15234375,False,False,False,0.0,0.3342856999997821,2000000
LDPC,256,1%,0.009699942551593089,0.01082753286929621,45,48,0.1875,False,False,False,0.0,0.005301889999827836,120
GRAND,256,1%,0.009699942551593089,0.01082753286929621,45,39,0.15234375,False,False,False,0.0,0.33554164899942407,2000000
LDPC,256,1%,0.009699942551593089,0.01082753286929621,46,48,0.1875,True,True,False,0.8125,0.00026143600007344503,2
GRAND,256,1%,0.009699942551593089,0.01082753286929621,46,39,0.15234375,True,True,False,0.84765625,0.004598417999659432,26827
LDPC,256,1%,0.009699942551593089,0.01082753286929621,47,48,0.1875,True,True,False,0.8125,0.0003234750001865905,4
GRAND,256,1%,0.009699942551593089,0.01082753286929621,47,39,0.15234375,False,False,False,0.0,0.3345340109999597,2000000
LDPC,256,1%,0.009699942551593089,0.01082753286929621,48,48,0.1875,True,True,False,0.8125,0.0003213800000594347,3
GRAND,256,1%,0.009699942551593089,0.01082753286929621,48,39,0.15234375,False,False,False,0.0,0.34869990999959555,2000000
LDPC,256,1%,0.009699942551593089,0.01082753286929621,49,48,0.1875,True,True,False,0.8125,0.00038201900042622583,4
GRAND,256,1%,0.009699942551593089,0.01082753286929621,49,39,0.15234375,True,True,False,0.84765625,0.002438299000459665,13972
LDPC,256,1%,0.009699942551593089,0.01082753286929621,50,48,0.1875,True,True,False,0.8125,0.00021260599987726891,3
GRAND,256,1%,0.009699942551593089,0.01082753286929621,50,39,0.15234375,True,True,False,0.84765625,0.14156812999954127,845967
LDPC,256,1%,0.009699942551593089,0.01082753286929621,51,48,0.1875,True,True,False,0.8125,0.0003729370000655763,5
GRAND,256,1%,0.009699942551593089,0.01082753286929621,51,39,0.15234375,False,False,False,0.0,0.3498189629999615,2000000
LDPC,256,1%,0.009699942551593089,0.01082753286929621,52,48,0.1875,True,True,False,0.8125,0.00021305199970811373,1
GRAND,256,1%,0.009699942551593089,0.01082753286929621,52,39,0.15234375,True,True,False,0.84765625,2.8938000468770042e-05,1
LDPC,256,1%,0.009699942551593089,0.01082753286929621,53,48,0.1875,False,False,False,0.0,0.005168480999600433,120
GRAND,256,1%,0.009699942551593089,0.01082753286929621,53,39,0.15234375,False,False,False,0.0,0.3342777339994427,2000000
LDPC,256,1%,0.009699942551593089,0.01082753286929621,54,48,0.1875,True,True,False,0.8125,0.0002381980002610362,1
GRAND,256,1%,0.009699942551593089,0.01082753286929621,54,39,0.15234375,True,True,False,0.84765625,0.002870667999559373,16729
LDPC,256,1%,0.009699942551593089,0.01082753286929621,55,48,0.1875,True,True,False,0.8125,0.00013667200073541608,1
GRAND,256,1%,0.009699942551593089,0.01082753286929621,55,39,0.15234375,True,True,False,0.84765625,0.0009708699999464443,5609
LDPC,256,1%,0.009699942551593089,0.01082753286929621,56,48,0.1875,False,False,False,0.0,0.005172587999368261,120
GRAND,256,1%,0.009699942551593089,0.01082753286929621,56,39,0.15234375,True,True,False,0.84765625,0.10326642699965305,615763
LDPC,256,1%,0.009699942551593089,0.01082753286929621,57,48,0.1875,True,True,False,0.8125,0.0001725550000628573,1
GRAND,256,1%,0.009699942551593089,0.01082753286929621,57,39,0.15234375,True,True,False,0.84765625,2.7074000172433443e-05,1
LDPC,256,1%,0.009699942551593089,0.01082753286929621,58,48,0.1875,True,True,False,0.8125,0.00011543799973878777,1
GRAND,256,1%,0.009699942551593089,0.01082753286929621,58,39,0.15234375,True,True,False,0.84765625,0.05920097199941665,354158
LDPC,256,1%,0.009699942551593089,0.01082753286929621,59,48,0.1875,True,True,False,0.8125,0.00013997199948789785,1
GRAND,256,1%,0.009699942551593089,0.01082753286929621,59,39,0.15234375,True,True,False,0.84765625,7.29729999875417e-05,232
LDPC,384,1%,0.009699942551593089,0.01082753286929621,0,72,0.1875,True,True,False,0.8125,0.00020683399998233654,1
GRAND,384,1%,0.009699942551593089,0.01082753286929621,0,50,0.13020833333333334,True,True,False,0.8697916666666666,9.309200049756328e-05,364
LDPC,384,1%,0.009699942551593089,0.01082753286929621,1,72,0.1875,True,True,False,0.8125,0.00019738399987545563,1
GRAND,384,1%,0.009699942551593089,0.01082753286929621,1,50,0.13020833333333334,True,True,False,0.8697916666666666,2.769900038401829e-05,1
LDPC,384,1%,0.009699942551593089,0.01082753286929621,2,72,0.1875,True,True,False,0.8125,0.00018495799940865254,1
GRAND,384,1%,0.009699942551593089,0.01082753286929621,2,50,0.13020833333333334,True,True,False,0.8697916666666666,0.00627183899996453,36676
LDPC,384,1%,0.009699942551593089,0.01082753286929621,3,72,0.1875,True,True,False,0.8125,0.0003928460000679479,4
GRAND,384,1%,0.009699942551593089,0.01082753286929621,3,50,0.13020833333333334,False,False,False,0.0,0.3527108779999253,2000000
LDPC,384,1%,0.009699942551593089,0.01082753286929621,4,72,0.1875,True,True,False,0.8125,0.0003509420002956176,1
GRAND,384,1%,0.009699942551593089,0.01082753286929621,4,50,0.13020833333333334,True,True,False,0.8697916666666666,0.0001701439996395493,352
LDPC,384,1%,0.009699942551593089,0.01082753286929621,5,72,0.1875,True,True,False,0.8125,0.000818647000414785,11
GRAND,384,1%,0.009699942551593089,0.01082753286929621,5,50,0.13020833333333334,False,False,False,0.0,0.34460930800014467,2000000
LDPC,384,1%,0.009699942551593089,0.01082753286929621,6,72,0.1875,True,True,False,0.8125,0.00033826700018835254,1
GRAND,384,1%,0.009699942551593089,0.01082753286929621,6,50,0.13020833333333334,True,True,False,0.8697916666666666,0.00012094600060663652,353
LDPC,384,1%,0.009699942551593089,0.01082753286929621,7,72,0.1875,True,True,False,0.8125,0.000192383000467089,1
GRAND,384,1%,0.009699942551593089,0.01082753286929621,7,50,0.13020833333333334,True,True,False,0.8697916666666666,0.20701038999959565,1186970
LDPC,384,1%,0.009699942551593089,0.01082753286929621,8,72,0.1875,False,False,False,0.0,0.007255989999976009,120
GRAND,384,1%,0.009699942551593089,0.01082753286929621,8,50,0.13020833333333334,False,False,False,0.0,0.3630319840003722,2000000
LDPC,384,1%,0.009699942551593089,0.01082753286929621,9,72,0.1875,True,True,False,0.8125,0.000263115000052494,1
GRAND,384,1%,0.009699942551593089,0.01082753286929621,9,50,0.13020833333333334,False,False,False,0.0,0.35481282499949884,2000000
LDPC,384,1%,0.009699942551593089,0.01082753286929621,10,72,0.1875,True,True,False,0.8125,0.00028546800058393274,1
GRAND,384,1%,0.009699942551593089,0.01082753286929621,10,50,0.13020833333333334,False,False,False,0.0,0.36229987800015806,2000000
LDPC,384,1%,0.009699942551593089,0.01082753286929621,11,72,0.1875,True,True,False,0.8125,0.0004904979996354086,3
GRAND,384,1%,0.009699942551593089,0.01082753286929621,11,50,0.13020833333333334,False,False,False,0.0,0.34639412999968044,2000000
LDPC,384,1%,0.009699942551593089,0.01082753286929621,12,72,0.1875,True,True,False,0.8125,0.000312330000269867,1
GRAND,384,1%,0.009699942551593089,0.01082753286929621,12,50,0.13020833333333334,True,True,False,0.8697916666666666,8.929199975682423e-05,257
LDPC,384,1%,0.009699942551593089,0.01082753286929621,13,72,0.1875,True,True,False,0.8125,0.00019902700023521902,1
GRAND,384,1%,0.009699942551593089,0.01082753286929621,13,50,0.13020833333333334,True,True,False,0.8697916666666666,0.010266598999805865,57447
LDPC,384,1%,0.009699942551593089,0.01082753286929621,14,72,0.1875,True,True,False,0.8125,0.0015852910000830889,24
GRAND,384,1%,0.009699942551593089,0.01082753286929621,14,50,0.13020833333333334,False,False,False,0.0,0.3650703679995786,2000000
LDPC,384,1%,0.009699942551593089,0.01082753286929621,15,72,0.1875,True,True,False,0.8125,0.0005229030002738,4
GRAND,384,1%,0.009699942551593089,0.01082753286929621,15,50,0.13020833333333334,False,False,False,0.0,0.3644226730002629,2000000
LDPC,384,1%,0.009699942551593089,0.01082753286929621,16,72,0.1875,True,True,False,0.8125,0.0005634019998979056,5
GRAND,384,1%,0.009699942551593089,0.01082753286929621,16,50,0.13020833333333334,False,False,False,0.0,0.3636331029993016,2000000
LDPC,384,1%,0.009699942551593089,0.01082753286929621,17,72,0.1875,False,False,False,0.0,0.007284127999810153,120
GRAND,384,1%,0.009699942551593089,0.01082753286929621,17,50,0.13020833333333334,True,True,False,0.8697916666666666,0.012492682000811328,68133
LDPC,384,1%,0.009699942551593089,0.01082753286929621,18,72,0.1875,True,True,False,0.8125,0.0003722419996847748,3
GRAND,384,1%,0.009699942551593089,0.01082753286929621,18,50,0.13020833333333334,False,False,False,0.0,0.3725603819993921,2000000
LDPC,384,1%,0.009699942551593089,0.01082753286929621,19,72,0.1875,True,True,False,0.8125,0.0003399719998924411,2
GRAND,384,1%,0.009699942551593089,0.01082753286929621,19,50,0.13020833333333334,False,False,False,0.0,0.3637512509994849,2000000
LDPC,384,1%,0.009699942551593089,0.01082753286929621,20,72,0.1875,True,True,False,0.8125,0.00039802999981475295,2
GRAND,384,1%,0.009699942551593089,0.01082753286929621,20,50,0.13020833333333334,False,False,False,0.0,0.3653671980000581,2000000
LDPC,384,1%,0.009699942551593089,0.01082753286929621,21,72,0.1875,True,True,False,0.8125,0.00034944700018968433,2
GRAND,384,1%,0.009699942551593089,0.01082753286929621,21,50,0.13020833333333334,False,False,False,0.0,0.36314067900002556,2000000
LDPC,384,1%,0.009699942551593089,0.01082753286929621,22,72,0.1875,True,True,False,0.8125,0.00046766800005570985,3
GRAND,384,1%,0.009699942551593089,0.01082753286929621,22,50,0.13020833333333334,True,True,False,0.8697916666666666,0.04712942999958614,261999
LDPC,384,1%,0.009699942551593089,0.01082753286929621,23,72,0.1875,True,False,True,0.0,0.00167403999967064,25
GRAND,384,1%,0.009699942551593089,0.01082753286929621,23,50,0.13020833333333334,False,False,False,0.0,0.36759368699949846,2000000
LDPC,384,1%,0.009699942551593089,0.01082753286929621,24,72,0.1875,False,False,False,0.0,0.007272902999829967,120
GRAND,384,1%,0.009699942551593089,0.01082753286929621,24,50,0.13020833333333334,False,False,False,0.0,0.3666929870005333,2000000
LDPC,384,1%,0.009699942551593089,0.01082753286929621,25,72,0.1875,True,True,False,0.8125,0.0003440299997237162,2
GRAND,384,1%,0.009699942551593089,0.01082753286929621,25,50,0.13020833333333334,False,False,False,0.0,0.367499467000016,2000000
LDPC,384,1%,0.009699942551593089,0.01082753286929621,26,72,0.1875,True,True,False,0.8125,0.0002557989992055809,1
GRAND,384,1%,0.009699942551593089,0.01082753286929621,26,50,0.13020833333333334,True,True,False,0.8697916666666666,0.004327855000155978,23576
LDPC,384,1%,0.009699942551593089,0.01082753286929621,27,72,0.1875,True,True,False,0.8125,0.00021352099975047167,1
GRAND,384,1%,0.009699942551593089,0.01082753286929621,27,50,0.13020833333333334,True,True,False,0.8697916666666666,8.73099997988902e-05,324
LDPC,384,1%,0.009699942551593089,0.01082753286929621,28,72,0.1875,True,True,False,0.8125,0.00017906999983097194,1
GRAND,384,1%,0.009699942551593089,0.01082753286929621,28,50,0.13020833333333334,True,True,False,0.8697916666666666,0.012129039000683406,70104
LDPC,384,1%,0.009699942551593089,0.01082753286929621,29,72,0.1875,True,True,False,0.8125,0.0003293170002507395,3
GRAND,384,1%,0.009699942551593089,0.01082753286929621,29,50,0.13020833333333334,False,False,False,0.0,0.348738990000129,2000000
LDPC,384,1%,0.009699942551593089,0.01082753286929621,30,72,0.1875,True,True,False,0.8125,0.00048262899963447126,3
GRAND,384,1%,0.009699942551593089,0.01082753286929621,30,50,0.13020833333333334,False,False,False,0.0,0.36010025999985373,2000000
LDPC,384,1%,0.009699942551593089,0.01082753286929621,31,72,0.1875,True,True,False,0.8125,0.0007867140002417727,8
GRAND,384,1%,0.009699942551593089,0.01082753286929621,31,50,0.13020833333333334,False,False,False,0.0,0.3630278989994622,2000000
LDPC,384,1%,0.009699942551593089,0.01082753286929621,32,72,0.1875,True,True,False,0.8125,0.00044383900058164727,3
GRAND,384,1%,0.009699942551593089,0.01082753286929621,32,50,0.13020833333333334,False,False,False,0.0,0.3635816200003319,2000000
LDPC,384,1%,0.009699942551593089,0.01082753286929621,33,72,0.1875,True,True,False,0.8125,0.0005692550003004726,5
GRAND,384,1%,0.009699942551593089,0.01082753286929621,33,50,0.13020833333333334,False,False,False,0.0,0.3546230359997935,2000000
LDPC,384,1%,0.009699942551593089,0.01082753286929621,34,72,0.1875,True,True,False,0.8125,0.0005372440000428469,5
GRAND,384,1%,0.009699942551593089,0.01082753286929621,34,50,0.13020833333333334,False,False,False,0.0,0.3564274660002411,2000000
LDPC,384,1%,0.009699942551593089,0.01082753286929621,35,72,0.1875,False,False,False,0.0,0.007454096999936155,120
GRAND,384,1%,0.009699942551593089,0.01082753286929621,35,50,0.13020833333333334,False,False,False,0.0,0.36040667699944606,2000000
LDPC,384,1%,0.009699942551593089,0.01082753286929621,36,72,0.1875,True,True,False,0.8125,0.00036765599998034304,2
GRAND,384,1%,0.009699942551593089,0.01082753286929621,36,50,0.13020833333333334,False,False,False,0.0,0.36227288500049326,2000000
LDPC,384,1%,0.009699942551593089,0.01082753286929621,37,72,0.1875,True,False,True,0.0,0.0009094099996218574,11
GRAND,384,1%,0.009699942551593089,0.01082753286929621,37,50,0.13020833333333334,False,False,False,0.0,0.3662826050003787,2000000
LDPC,384,1%,0.009699942551593089,0.01082753286929621,38,72,0.1875,True,True,False,0.8125,0.0005085220000182744,4
GRAND,384,1%,0.009699942551593089,0.01082753286929621,38,50,0.13020833333333334,False,False,False,0.0,0.36484896700039826,2000000
LDPC,384,1%,0.009699942551593089,0.01082753286929621,39,72,0.1875,True,True,False,0.8125,0.0004096160000699456,3
GRAND,384,1%,0.009699942551593089,0.01082753286929621,39,50,0.13020833333333334,False,False,False,0.0,0.3598548780000783,2000000
LDPC,384,1%,0.009699942551593089,0.01082753286929621,40,72,0.1875,True,True,False,0.8125,0.0002693289998205728,1
GRAND,384,1%,0.009699942551593089,0.01082753286929621,40,50,0.13020833333333334,False,False,False,0.0,0.36471734899987496,2000000
LDPC,384,1%,0.009699942551593089,0.01082753286929621,41,72,0.1875,True,True,False,0.8125,0.0006503860004158923,7
GRAND,384,1%,0.009699942551593089,0.01082753286929621,41,50,0.13020833333333334,False,False,False,0.0,0.36036835000049905,2000000
LDPC,384,1%,0.009699942551593089,0.01082753286929621,42,72,0.1875,True,True,False,0.8125,0.0005259949994069757,4
GRAND,384,1%,0.009699942551593089,0.01082753286929621,42,50,0.13020833333333334,False,False,False,0.0,0.35358379899935244,2000000
LDPC,384,1%,0.009699942551593089,0.01082753286929621,43,72,0.1875,True,True,False,0.8125,0.00031343100090452936,2
GRAND,384,1%,0.009699942551593089,0.01082753286929621,43,50,0.13020833333333334,True,True,False,0.8697916666666666,0.250478908000332,1388739
LDPC,384,1%,0.009699942551593089,0.01082753286929621,44,72,0.1875,True,True,False,0.8125,0.0007240230006573256,8
GRAND,384,1%,0.009699942551593089,0.01082753286929621,44,50,0.13020833333333334,False,False,False,0.0,0.35676140200030204,2000000
LDPC,384,1%,0.009699942551593089,0.01082753286929621,45,72,0.1875,True,True,False,0.8125,0.0004096470001968555,2
GRAND,384,1%,0.009699942551593089,0.01082753286929621,45,50,0.13020833333333334,False,False,False,0.0,0.3705711500006146,2000000
LDPC,384,1%,0.009699942551593089,0.01082753286929621,46,72,0.1875,True,True,False,0.8125,0.0011678529999699094,16
GRAND,384,1%,0.009699942551593089,0.01082753286929621,46,50,0.13020833333333334,False,False,False,0.0,0.36678030299935926,2000000
LDPC,384,1%,0.009699942551593089,0.01082753286929621,47,72,0.1875,False,False,False,0.0,0.0073176609994334285,120
GRAND,384,1%,0.009699942551593089,0.01082753286929621,47,50,0.13020833333333334,False,False,False,0.0,0.3696612549993006,2000000
LDPC,384,1%,0.009699942551593089,0.01082753286929621,48,72,0.1875,True,True,False,0.8125,0.00033802599955379264,1
GRAND,384,1%,0.009699942551593089,0.01082753286929621,48,50,0.13020833333333334,True,True,False,0.8697916666666666,0.00011395699948479887,321
LDPC,384,1%,0.009699942551593089,0.01082753286929621,49,72,0.1875,True,True,False,0.8125,0.00019174399949406506,1
GRAND,384,1%,0.009699942551593089,0.01082753286929621,49,50,0.13020833333333334,True,True,False,0.8697916666666666,4.669999998441199e-05,101
LDPC,384,1%,0.009699942551593089,0.01082753286929621,50,72,0.1875,True,True,False,0.8125,0.0013953389998277999,21
GRAND,384,1%,0.009699942551593089,0.01082753286929621,50,50,0.13020833333333334,False,False,False,0.0,0.3623631269992984,2000000
LDPC,384,1%,0.009699942551593089,0.01082753286929621,51,72,0.1875,True,True,False,0.8125,0.0071442150001530536,119
GRAND,384,1%,0.009699942551593089,0.01082753286929621,51,50,0.13020833333333334,False,False,False,0.0,0.3634299089999331,2000000
LDPC,384,1%,0.009699942551593089,0.01082753286929621,52,72,0.1875,True,True,False,0.8125,0.00045830700037186034,3
GRAND,384,1%,0.009699942551593089,0.01082753286929621,52,50,0.13020833333333334,False,False,False,0.0,0.348633818000053,2000000
LDPC,384,1%,0.009699942551593089,0.01082753286929621,53,72,0.1875,True,True,False,0.8125,0.0004686599995693541,3
GRAND,384,1%,0.009699942551593089,0.01082753286929621,53,50,0.13020833333333334,False,False,False,0.0,0.361555560000852,2000000
LDPC,384,1%,0.009699942551593089,0.01082753286929621,54,72,0.1875,True,True,False,0.8125,0.00031563500033371383,1
GRAND,384,1%,0.009699942551593089,0.01082753286929621,54,50,0.13020833333333334,True,True,False,0.8697916666666666,0.010564717999841378,57310
LDPC,384,1%,0.009699942551593089,0.01082753286929621,55,72,0.1875,True,True,False,0.8125,0.00042335000034654513,4
GRAND,384,1%,0.009699942551593089,0.01082753286929621,55,50,0.13020833333333334,False,False,False,0.0,0.3524657300004037,2000000
LDPC,384,1%,0.009699942551593089,0.01082753286929621,56,72,0.1875,False,False,False,0.0,0.0072479199998269905,120
GRAND,384,1%,0.009699942551593089,0.01082753286929621,56,50,0.13020833333333334,True,True,False,0.8697916666666666,0.005875167000340298,33601
LDPC,384,1%,0.009699942551593089,0.01082753286929621,57,72,0.1875,False,False,False,0.0,0.00721012900066853,120
GRAND,384,1%,0.009699942551593089,0.01082753286929621,57,50,0.13020833333333334,False,False,False,0.0,0.34524439400047413,2000000
LDPC,384,1%,0.009699942551593089,0.01082753286929621,58,72,0.1875,False,False,False,0.0,0.007231704000332684,120
GRAND,384,1%,0.009699942551593089,0.01082753286929621,58,50,0.13020833333333334,False,False,False,0.0,0.3600074610003503,2000000
LDPC,384,1%,0.009699942551593089,0.01082753286929621,59,72,0.1875,True,True,False,0.8125,0.0003680640002130531,2
GRAND,384,1%,0.009699942551593089,0.01082753286929621,59,50,0.13020833333333334,False,False,False,0.0,0.3473171759997058,2000000
LDPC,512,1%,0.009699942551593089,0.01082753286929621,0,96,0.1875,True,True,False,0.8125,0.0006311739998636767,4
GRAND,512,1%,0.009699942551593089,0.01082753286929621,0,61,0.119140625,False,False,False,0.0,0.36326392499995563,2000000
LDPC,512,1%,0.009699942551593089,0.01082753286929621,1,96,0.1875,False,False,False,0.0,0.00942252599998028,120
GRAND,512,1%,0.009699942551593089,0.01082753286929621,1,61,0.119140625,False,False,False,0.0,0.3666832249991785,2000000
LDPC,512,1%,0.009699942551593089,0.01082753286929621,2,96,0.1875,True,True,False,0.8125,0.00042788300015672576,1
GRAND,512,1%,0.009699942551593089,0.01082753286929621,2,61,0.119140625,False,False,False,0.0,0.36219572099980724,2000000
LDPC,512,1%,0.009699942551593089,0.01082753286929621,3,96,0.1875,True,True,False,0.8125,0.0007105510003384552,5
GRAND,512,1%,0.009699942551593089,0.01082753286929621,3,61,0.119140625,False,False,False,0.0,0.3626051920000464,2000000
LDPC,512,1%,0.009699942551593089,0.01082753286929621,4,96,0.1875,True,True,False,0.8125,0.0007001900003160699,5
GRAND,512,1%,0.009699942551593089,0.01082753286929621,4,61,0.119140625,False,False,False,0.0,0.3630548959999942,2000000
LDPC,512,1%,0.009699942551593089,0.01082753286929621,5,96,0.1875,True,True,False,0.8125,0.0006466889999501291,4
GRAND,512,1%,0.009699942551593089,0.01082753286929621,5,61,0.119140625,False,False,False,0.0,0.3616618660007589,2000000
LDPC,512,1%,0.009699942551593089,0.01082753286929621,6,96,0.1875,True,True,False,0.8125,0.0005231129998719553,3
GRAND,512,1%,0.009699942551593089,0.01082753286929621,6,61,0.119140625,False,False,False,0.0,0.36284770000020217,2000000
LDPC,512,1%,0.009699942551593089,0.01082753286929621,7,96,0.1875,False,False,False,0.0,0.009528507000140962,120
GRAND,512,1%,0.009699942551593089,0.01082753286929621,7,61,0.119140625,False,False,False,0.0,0.36269277700012026,2000000
LDPC,512,1%,0.009699942551593089,0.01082753286929621,8,96,0.1875,False,False,False,0.0,0.009456179999688175,120
GRAND,512,1%,0.009699942551593089,0.01082753286929621,8,61,0.119140625,False,False,False,0.0,0.3660971270001028,2000000
LDPC,512,1%,0.009699942551593089,0.01082753286929621,9,96,0.1875,True,True,False,0.8125,0.00035925200063502416,1
GRAND,512,1%,0.009699942551593089,0.01082753286929621,9,61,0.119140625,True,True,False,0.880859375,4.538400025921874e-05,1
LDPC,512,1%,0.009699942551593089,0.01082753286929621,10,96,0.1875,True,True,False,0.8125,0.000365180999324366,2
GRAND,512,1%,0.009699942551593089,0.01082753286929621,10,61,0.119140625,False,False,False,0.0,0.3626213319994349,2000000
LDPC,512,1%,0.009699942551593089,0.01082753286929621,11,96,0.1875,True,True,False,0.8125,0.0006372339994413778,4
GRAND,512,1%,0.009699942551593089,0.01082753286929621,11,61,0.119140625,False,False,False,0.0,0.36101168300046993,2000000
LDPC,512,1%,0.009699942551593089,0.01082753286929621,12,96,0.1875,True,True,False,0.8125,0.000627027000518865,4
GRAND,512,1%,0.009699942551593089,0.01082753286929621,12,61,0.119140625,False,False,False,0.0,0.36088371999994706,2000000
LDPC,512,1%,0.009699942551593089,0.01082753286929621,13,96,0.1875,True,True,False,0.8125,0.0006561959999089595,4
GRAND,512,1%,0.009699942551593089,0.01082753286929621,13,61,0.119140625,False,False,False,0.0,0.3616235809995487,2000000
LDPC,512,1%,0.009699942551593089,0.01082753286929621,14,96,0.1875,True,True,False,0.8125,0.0005754209996666759,3
GRAND,512,1%,0.009699942551593089,0.01082753286929621,14,61,0.119140625,False,False,False,0.0,0.3630242219996944,2000000
LDPC,512,1%,0.009699942551593089,0.01082753286929621,15,96,0.1875,True,True,False,0.8125,0.0004073000000062166,1
GRAND,512,1%,0.009699942551593089,0.01082753286929621,15,61,0.119140625,False,False,False,0.0,0.3633619350002846,2000000
LDPC,512,1%,0.009699942551593089,0.01082753286929621,16,96,0.1875,True,True,False,0.8125,0.00044853100007458124,2
GRAND,512,1%,0.009699942551593089,0.01082753286929621,16,61,0.119140625,False,False,False,0.0,0.3628824039997198,2000000
LDPC,512,1%,0.009699942551593089,0.01082753286929621,17,96,0.1875,False,False,False,0.0,0.009436518999791588,120
GRAND,512,1%,0.009699942551593089,0.01082753286929621,17,61,0.119140625,True,True,False,0.880859375,0.00020455100002436666,778
LDPC,512,1%,0.009699942551593089,0.01082753286929621,18,96,0.1875,True,True,False,0.8125,0.0003197940004611155,1
GRAND,512,1%,0.009699942551593089,0.01082753286929621,18,61,0.119140625,False,False,False,0.0,0.3638431560002573,2000000
LDPC,512,1%,0.009699942551593089,0.01082753286929621,19,96,0.1875,True,True,False,0.8125,0.0006166769999254029,4
GRAND,512,1%,0.009699942551593089,0.01082753286929621,19,61,0.119140625,False,False,False,0.0,0.3608358680003221,2000000
LDPC,512,1%,0.009699942551593089,0.01082753286929621,20,96,0.1875,True,True,False,0.8125,0.00035808099983114516,1
GRAND,512,1%,0.009699942551593089,0.01082753286929621,20,61,0.119140625,True,True,False,0.880859375,5.7003000620170496e-05,25
LDPC,512,1%,0.009699942551593089,0.01082753286929621,21,96,0.1875,True,True,False,0.8125,0.0003650740000011865,2
GRAND,512,1%,0.009699942551593089,0.01082753286929621,21,61,0.119140625,True,True,False,0.880859375,0.013080987000648747,70027
LDPC,512,1%,0.009699942551593089,0.01082753286929621,22,96,0.1875,True,True,False,0.8125,0.00032477900003868854,1
GRAND,512,1%,0.009699942551593089,0.01082753286929621,22,61,0.119140625,False,False,False,0.0,0.3625621749997663,2000000
LDPC,512,1%,0.009699942551593089,0.01082753286929621,23,96,0.1875,True,True,False,0.8125,0.0003933460002372158,1
GRAND,512,1%,0.009699942551593089,0.01082753286929621,23,61,0.119140625,False,False,False,0.0,0.3652952139991612,2000000
LDPC,512,1%,0.009699942551593089,0.01082753286929621,24,96,0.1875,True,True,False,0.8125,0.0003532409991748864,1
GRAND,512,1%,0.009699942551593089,0.01082753286929621,24,61,0.119140625,False,False,False,0.0,0.3647130230001494,2000000
LDPC,512,1%,0.009699942551593089,0.01082753286929621,25,96,0.1875,True,True,False,0.8125,0.0008427450002272963,6
GRAND,512,1%,0.009699942551593089,0.01082753286929621,25,61,0.119140625,False,False,False,0.0,0.36187475499991706,2000000
LDPC,512,1%,0.009699942551593089,0.01082753286929621,26,96,0.1875,False,False,False,0.0,0.009399709999343031,120
GRAND,512,1%,0.009699942551593089,0.01082753286929621,26,61,0.119140625,False,False,False,0.0,0.36159524300001067,2000000
LDPC,512,1%,0.009699942551593089,0.01082753286929621,27,96,0.1875,False,False,False,0.0,0.009493777999523445,120
GRAND,512,1%,0.009699942551593089,0.01082753286929621,27,61,0.119140625,False,False,False,0.0,0.3615205239993884,2000000
LDPC,512,1%,0.009699942551593089,0.01082753286929621,28,96,0.1875,True,True,False,0.8125,0.0006154270004117279,3
GRAND,512,1%,0.009699942551593089,0.01082753286929621,28,61,0.119140625,False,False,False,0.0,0.36312419299974863,2000000
LDPC,512,1%,0.009699942551593089,0.01082753286929621,29,96,0.1875,True,True,False,0.8125,0.000860494999869843,7
GRAND,512,1%,0.009699942551593089,0.01082753286929621,29,61,0.119140625,False,False,False,0.0,0.3638764400002401,2000000
LDPC,512,1%,0.009699942551593089,0.01082753286929621,30,96,0.1875,True,True,False,0.8125,0.0008451730000160751,6
GRAND,512,1%,0.009699942551593089,0.01082753286929621,30,61,0.119140625,False,False,False,0.0,0.37290245099939057,2000000
LDPC,512,1%,0.009699942551593089,0.01082753286929621,31,96,0.1875,True,True,False,0.8125,0.00042234500051563373,1
GRAND,512,1%,0.009699942551593089,0.01082753286929621,31,61,0.119140625,True,True,False,0.880859375,0.023298633999729645,128447
LDPC,512,1%,0.009699942551593089,0.01082753286929621,32,96,0.1875,False,False,False,0.0,0.009462027000154194,120
GRAND,512,1%,0.009699942551593089,0.01082753286929621,32,61,0.119140625,False,False,False,0.0,0.3622117419999995,2000000
LDPC,512,1%,0.009699942551593089,0.01082753286929621,33,96,0.1875,True,True,False,0.8125,0.0005911849993935903,3
GRAND,512,1%,0.009699942551593089,0.01082753286929621,33,61,0.119140625,False,False,False,0.0,0.3679301000001942,2000000
LDPC,512,1%,0.009699942551593089,0.01082753286929621,34,96,0.1875,True,True,False,0.8125,0.0005657790006807772,3
GRAND,512,1%,0.009699942551593089,0.01082753286929621,34,61,0.119140625,False,False,False,0.0,0.36186264800016943,2000000
LDPC,512,1%,0.009699942551593089,0.01082753286929621,35,96,0.1875,True,True,False,0.8125,0.0007322420005948516,5
GRAND,512,1%,0.009699942551593089,0.01082753286929621,35,61,0.119140625,False,False,False,0.0,0.36145575899990945,2000000
LDPC,512,1%,0.009699942551593089,0.01082753286929621,36,96,0.1875,True,True,False,0.8125,0.0003751539998120279,1
GRAND,512,1%,0.009699942551593089,0.01082753286929621,36,61,0.119140625,False,False,False,0.0,0.36361540999951103,2000000
LDPC,512,1%,0.009699942551593089,0.01082753286929621,37,96,0.1875,True,True,False,0.8125,0.0004900779995296034,2
GRAND,512,1%,0.009699942551593089,0.01082753286929621,37,61,0.119140625,False,False,False,0.0,0.3840731770005732,2000000
LDPC,512,1%,0.009699942551593089,0.01082753286929621,38,96,0.1875,False,False,False,0.0,0.0095239419997597,120
GRAND,512,1%,0.009699942551593089,0.01082753286929621,38,61,0.119140625,False,False,False,0.0,0.36683788200025447,2000000
LDPC,512,1%,0.009699942551593089,0.01082753286929621,39,96,0.1875,True,True,False,0.8125,0.0013738229999944451,13
GRAND,512,1%,0.009699942551593089,0.01082753286929621,39,61,0.119140625,False,False,False,0.0,0.3656555079996906,2000000
LDPC,512,1%,0.009699942551593089,0.01082753286929621,40,96,0.1875,True,True,False,0.8125,0.00042120900070585776,1
GRAND,512,1%,0.009699942551593089,0.01082753286929621,40,61,0.119140625,True,True,False,0.880859375,0.0050488100005168235,27523
LDPC,512,1%,0.009699942551593089,0.01082753286929621,41,96,0.1875,True,True,False,0.8125,0.0006333629999062396,5
GRAND,512,1%,0.009699942551593089,0.01082753286929621,41,61,0.119140625,False,False,False,0.0,0.3623909139996613,2000000
LDPC,512,1%,0.009699942551593089,0.01082753286929621,42,96,0.1875,True,True,False,0.8125,0.0006135359999461798,3
GRAND,512,1%,0.009699942551593089,0.01082753286929621,42,61,0.119140625,False,False,False,0.0,0.36331537300065975,2000000
LDPC,512,1%,0.009699942551593089,0.01082753286929621,43,96,0.1875,True,True,False,0.8125,0.0003601590005928301,1
GRAND,512,1%,0.009699942551593089,0.01082753286929621,43,61,0.119140625,True,True,False,0.880859375,8.546800017938949e-05,181
LDPC,512,1%,0.009699942551593089,0.01082753286929621,44,96,0.1875,True,True,False,0.8125,0.0002837090005414211,1
GRAND,512,1%,0.009699942551593089,0.01082753286929621,44,61,0.119140625,False,False,False,0.0,0.36281321500064223,2000000
LDPC,512,1%,0.009699942551593089,0.01082753286929621,45,96,0.1875,True,True,False,0.8125,0.0005153549991518958,2
GRAND,512,1%,0.009699942551593089,0.01082753286929621,45,61,0.119140625,False,False,False,0.0,0.362019987000167,2000000
LDPC,512,1%,0.009699942551593089,0.01082753286929621,46,96,0.1875,True,True,False,0.8125,0.0006112129995017312,4
GRAND,512,1%,0.009699942551593089,0.01082753286929621,46,61,0.119140625,False,False,False,0.0,0.3617634350002845,2000000
LDPC,512,1%,0.009699942551593089,0.01082753286929621,47,96,0.1875,True,True,False,0.8125,0.0006373349997375044,3
GRAND,512,1%,0.009699942551593089,0.01082753286929621,47,61,0.119140625,False,False,False,0.0,0.38038959599998634,2000000
LDPC,512,1%,0.009699942551593089,0.01082753286929621,48,96,0.1875,False,False,False,0.0,0.009511181000561919,120
GRAND,512,1%,0.009699942551593089,0.01082753286929621,48,61,0.119140625,False,False,False,0.0,0.3623371790008605,2000000
LDPC,512,1%,0.009699942551593089,0.01082753286929621,49,96,0.1875,True,True,False,0.8125,0.0003809239997281111,1
GRAND,512,1%,0.009699942551593089,0.01082753286929621,49,61,0.119140625,False,False,False,0.0,0.3744908190001297,2000000
LDPC,512,1%,0.009699942551593089,0.01082753286929621,50,96,0.1875,True,True,False,0.8125,0.00063284800035035,3
GRAND,512,1%,0.009699942551593089,0.01082753286929621,50,61,0.119140625,False,False,False,0.0,0.3632152819991461,2000000
LDPC,512,1%,0.009699942551593089,0.01082753286929621,51,96,0.1875,True,True,False,0.8125,0.00040187099966715323,1
GRAND,512,1%,0.009699942551593089,0.01082753286929621,51,61,0.119140625,True,True,False,0.880859375,0.0027987619996565627,15042
LDPC,512,1%,0.009699942551593089,0.01082753286929621,52,96,0.1875,True,True,False,0.8125,0.000503352999658091,3
GRAND,512,1%,0.009699942551593089,0.01082753286929621,52,61,0.119140625,False,False,False,0.0,0.36235129600026994,2000000
LDPC,512,1%,0.009699942551593089,0.01082753286929621,53,96,0.1875,True,True,False,0.8125,0.000676927999847976,4
GRAND,512,1%,0.009699942551593089,0.01082753286929621,53,61,0.119140625,False,False,False,0.0,0.36403927999981534,2000000
LDPC,512,1%,0.009699942551593089,0.01082753286929621,54,96,0.1875,True,True,False,0.8125,0.0004376320002847933,1
GRAND,512,1%,0.009699942551593089,0.01082753286929621,54,61,0.119140625,True,True,False,0.880859375,0.00014075000035518315,349
LDPC,512,1%,0.009699942551593089,0.01082753286929621,55,96,0.1875,True,True,False,0.8125,0.00029363199973886367,1
GRAND,512,1%,0.009699942551593089,0.01082753286929621,55,61,0.119140625,True,True,False,0.880859375,0.023880961000031675,130748
LDPC,512,1%,0.009699942551593089,0.01082753286929621,56,96,0.1875,True,True,False,0.8125,0.0012953949999428005,13
GRAND,512,1%,0.009699942551593089,0.01082753286929621,56,61,0.119140625,False,False,False,0.0,0.37219127800017304,2000000
LDPC,512,1%,0.009699942551593089,0.01082753286929621,57,96,0.1875,True,False,True,0.0,0.0016500650008310913,17
GRAND,512,1%,0.009699942551593089,0.01082753286929621,57,61,0.119140625,False,False,False,0.0,0.36595236099947215,2000000
LDPC,512,1%,0.009699942551593089,0.01082753286929621,58,96,0.1875,True,True,False,0.8125,0.0005134120001457632,2
GRAND,512,1%,0.009699942551593089,0.01082753286929621,58,61,0.119140625,False,False,False,0.0,0.36610954699972353,2000000
LDPC,512,1%,0.009699942551593089,0.01082753286929621,59,96,0.1875,True,True,False,0.8125,0.00043827700028487016,1
GRAND,512,1%,0.009699942551593089,0.01082753286929621,59,61,0.119140625,False,False,False,0.0,0.3613707049998993,2000000
LDPC,160,2%,0.018681345446574276,0.01607795371498173,0,32,0.2,False,False,False,0.0,0.004957101999934821,120
GRAND,160,2%,0.018681345446574276,0.01607795371498173,0,36,0.225,True,True,False,0.775,0.08146255799965729,472753
LDPC,160,2%,0.018681345446574276,0.01607795371498173,1,32,0.2,False,False,False,0.0,0.00459083300029306,120
GRAND,160,2%,0.018681345446574276,0.01607795371498173,1,36,0.225,False,False,False,0.0,0.347382099999777,2000000
LDPC,160,2%,0.018681345446574276,0.01607795371498173,2,32,0.2,False,False,False,0.0,0.004627233000064734,120
GRAND,160,2%,0.018681345446574276,0.01607795371498173,2,36,0.225,False,False,False,0.0,0.34496379000029265,2000000
LDPC,160,2%,0.018681345446574276,0.01607795371498173,3,32,0.2,False,False,False,0.0,0.004543852000097104,120
GRAND,160,2%,0.018681345446574276,0.01607795371498173,3,36,0.225,False,False,False,0.0,0.34811833200001274,2000000
LDPC,160,2%,0.018681345446574276,0.01607795371498173,4,32,0.2,False,False,False,0.0,0.004588245999912033,120
GRAND,160,2%,0.018681345446574276,0.01607795371498173,4,36,0.225,False,False,False,0.0,0.3420560660006231,2000000
LDPC,160,2%,0.018681345446574276,0.01607795371498173,5,32,0.2,True,True,False,0.8,0.00022159600030136062,1
GRAND,160,2%,0.018681345446574276,0.01607795371498173,5,36,0.225,True,True,False,0.775,3.8129000131448265e-05,1
LDPC,160,2%,0.018681345446574276,0.01607795371498173,6,32,0.2,True,True,False,0.8,9.466600022278726e-05,1
GRAND,160,2%,0.018681345446574276,0.01607795371498173,6,36,0.225,True,True,False,0.775,1.518500084785046e-05,1
LDPC,160,2%,0.018681345446574276,0.01607795371498173,7,32,0.2,False,False,False,0.0,0.00443631699999969,120
GRAND,160,2%,0.018681345446574276,0.01607795371498173,7,36,0.225,False,False,False,0.0,0.3430663070002993,2000000
LDPC,160,2%,0.018681345446574276,0.01607795371498173,8,32,0.2,False,False,False,0.0,0.0045406150002236245,120
GRAND,160,2%,0.018681345446574276,0.01607795371498173,8,36,0.225,False,False,False,0.0,0.34373854499972367,2000000
LDPC,160,2%,0.018681345446574276,0.01607795371498173,9,32,0.2,False,False,False,0.0,0.004617036000126973,120
GRAND,160,2%,0.018681345446574276,0.01607795371498173,9,36,0.225,False,False,False,0.0,0.34366690700062463,2000000
LDPC,160,2%,0.018681345446574276,0.01607795371498173,10,32,0.2,False,False,False,0.0,0.004602194999279163,120
GRAND,160,2%,0.018681345446574276,0.01607795371498173,10,36,0.225,False,False,False,0.0,0.3428611119998095,2000000
LDPC,160,2%,0.018681345446574276,0.01607795371498173,11,32,0.2,False,False,False,0.0,0.004526835000433493,120
GRAND,160,2%,0.018681345446574276,0.01607795371498173,11,36,0.225,False,False,False,0.0,0.343780068000342,2000000
LDPC,160,2%,0.018681345446574276,0.01607795371498173,12,32,0.2,True,True,False,0.8,0.0005821770000693505,11
GRAND,160,2%,0.018681345446574276,0.01607795371498173,12,36,0.225,True,True,False,0.775,0.04087736099972972,235971
LDPC,160,2%,0.018681345446574276,0.01607795371498173,13,32,0.2,True,True,False,0.8,0.00013078899974061642,1
GRAND,160,2%,0.018681345446574276,0.01607795371498173,13,36,0.225,True,True,False,0.775,5.790999966848176e-05,182
LDPC,160,2%,0.018681345446574276,0.01607795371498173,14,32,0.2,True,True,False,0.8,0.00020468700040510157,4
GRAND,160,2%,0.018681345446574276,0.01607795371498173,14,36,0.225,True,True,False,0.775,0.0021803199997521006,12519
LDPC,160,2%,0.018681345446574276,0.01607795371498173,15,32,0.2,True,True,False,0.8,0.0004182310003670864,10
GRAND,160,2%,0.018681345446574276,0.01607795371498173,15,36,0.225,False,False,False,0.0,0.33668436300013127,2000000
LDPC,160,2%,0.018681345446574276,0.01607795371498173,16,32,0.2,False,False,False,0.0,0.004446154000106617,120
GRAND,160,2%,0.018681345446574276,0.01607795371498173,16,36,0.225,False,False,False,0.0,0.3450054100003399,2000000
LDPC,160,2%,0.018681345446574276,0.01607795371498173,17,32,0.2,False,False,False,0.0,0.004468955999982427,120
GRAND,160,2%,0.018681345446574276,0.01607795371498173,17,36,0.225,False,False,False,0.0,0.3495852129999548,2000000
LDPC,160,2%,0.018681345446574276,0.01607795371498173,18,32,0.2,True,True,False,0.8,0.00014904700037732255,1
GRAND,160,2%,0.018681345446574276,0.01607795371498173,18,36,0.225,True,True,False,0.775,4.8951999815471936e-05,68
LDPC,160,2%,0.018681345446574276,0.01607795371498173,19,32,0.2,False,False,False,0.0,0.004444745000000694,120
GRAND,160,2%,0.018681345446574276,0.01607795371498173,19,36,0.225,False,False,False,0.0,0.3372581000003265,2000000
LDPC,160,2%,0.018681345446574276,0.01607795371498173,20,32,0.2,False,False,False,0.0,0.004552022000098077,120
GRAND,160,2%,0.018681345446574276,0.01607795371498173,20,36,0.225,False,False,False,0.0,0.34653525700014143,2000000
LDPC,160,2%,0.018681345446574276,0.01607795371498173,21,32,0.2,False,False,False,0.0,0.004467496999495779,120
GRAND,160,2%,0.018681345446574276,0.01607795371498173,21,36,0.225,False,False,False,0.0,0.3442555050005467,2000000
LDPC,160,2%,0.018681345446574276,0.01607795371498173,22,32,0.2,True,True,False,0.8,0.00022570600049220957,1
GRAND,160,2%,0.018681345446574276,0.01607795371498173,22,36,0.225,True,True,False,0.775,4.387700028019026e-05,1
LDPC,160,2%,0.018681345446574276,0.01607795371498173,23,32,0.2,True,True,False,0.8,9.411500013811747e-05,1
GRAND,160,2%,0.018681345446574276,0.01607795371498173,23,36,0.225,True,True,False,0.775,0.001811533000363852,10375
LDPC,160,2%,0.018681345446574276,0.01607795371498173,24,32,0.2,True,True,False,0.8,8.71599995662109e-05,1
GRAND,160,2%,0.018681345446574276,0.01607795371498173,24,36,0.225,True,True,False,0.775,0.0005928129994572373,3229
LDPC,160,2%,0.018681345446574276,0.01607795371498173,25,32,0.2,True,True,False,0.8,0.00010692100022424711,1
GRAND,160,2%,0.018681345446574276,0.01607795371498173,25,36,0.225,True,True,False,0.775,0.0007192699995357543,3766
LDPC,160,2%,0.018681345446574276,0.01607795371498173,26,32,0.2,False,False,False,0.0,0.004362968999885197,120
GRAND,160,2%,0.018681345446574276,0.01607795371498173,26,36,0.225,False,False,False,0.0,0.33689940800013574,2000000
LDPC,160,2%,0.018681345446574276,0.01607795371498173,27,32,0.2,False,False,False,0.0,0.0043542929997784086,120
GRAND,160,2%,0.018681345446574276,0.01607795371498173,27,36,0.225,False,False,False,0.0,0.33859154299989314,2000000
LDPC,160,2%,0.018681345446574276,0.01607795371498173,28,32,0.2,True,True,False,0.8,0.0001954260005732067,1
GRAND,160,2%,0.018681345446574276,0.01607795371498173,28,36,0.225,True,True,False,0.775,6.469500021921704e-05,156
LDPC,160,2%,0.018681345446574276,0.01607795371498173,29,32,0.2,True,True,False,0.8,9.044600028573768e-05,1
GRAND,160,2%,0.018681345446574276,0.01607795371498173,29,36,0.225,True,True,False,0.775,2.918799964390928e-05,54
LDPC,160,2%,0.018681345446574276,0.01607795371498173,30,32,0.2,True,True,False,0.8,8.112700015772134e-05,1
GRAND,160,2%,0.018681345446574276,0.01607795371498173,30,36,0.225,True,True,False,0.775,2.6128999706998002e-05,55
LDPC,160,2%,0.018681345446574276,0.01607795371498173,31,32,0.2,True,True,False,0.8,0.00020226600008754758,4
GRAND,160,2%,0.018681345446574276,0.01607795371498173,31,36,0.225,True,True,False,0.775,0.0018783460000122432,10933
LDPC,160,2%,0.018681345446574276,0.01607795371498173,32,32,0.2,False,False,False,0.0,0.004248944000210031,120
GRAND,160,2%,0.018681345446574276,0.01607795371498173,32,36,0.225,False,False,False,0.0,0.344750457000373,2000000
LDPC,160,2%,0.018681345446574276,0.01607795371498173,33,32,0.2,True,True,False,0.8,0.00038562400004593655,6
GRAND,160,2%,0.018681345446574276,0.01607795371498173,33,36,0.225,True,True,False,0.775,0.062071127999843156,356999
LDPC,160,2%,0.018681345446574276,0.01607795371498173,34,32,0.2,True,True,False,0.8,0.0007466819997716811,18
GRAND,160,2%,0.018681345446574276,0.01607795371498173,34,36,0.225,False,False,False,0.0,0.34414109000044846,2000000
LDPC,160,2%,0.018681345446574276,0.01607795371498173,35,32,0.2,False,False,False,0.0,0.004439274000105797,120
GRAND,160,2%,0.018681345446574276,0.01607795371498173,35,36,0.225,False,False,False,0.0,0.3490969929998755,2000000
LDPC,160,2%,0.018681345446574276,0.01607795371498173,36,32,0.2,False,False,False,0.0,0.004541248999885283,120
GRAND,160,2%,0.018681345446574276,0.01607795371498173,36,36,0.225,False,False,False,0.0,0.35057321799922647,2000000
LDPC,160,2%,0.018681345446574276,0.01607795371498173,37,32,0.2,True,True,False,0.8,0.0003080910000790027,3
GRAND,160,2%,0.018681345446574276,0.01607795371498173,37,36,0.225,True,True,False,0.775,0.0007013459999143379,3696
LDPC,160,2%,0.018681345446574276,0.01607795371498173,38,32,0.2,True,True,False,0.8,0.0002444140000079642,5
GRAND,160,2%,0.018681345446574276,0.01607795371498173,38,36,0.225,True,True,False,0.775,0.04350860599970474,257165
LDPC,160,2%,0.018681345446574276,0.01607795371498173,39,32,0.2,False,False,False,0.0,0.004415997000251082,120
GRAND,160,2%,0.018681345446574276,0.01607795371498173,39,36,0.225,True,True,False,0.775,0.0017695330006972654,10070
LDPC,160,2%,0.018681345446574276,0.01607795371498173,40,32,0.2,False,False,False,0.0,0.004344934000073408,120
GRAND,160,2%,0.018681345446574276,0.01607795371498173,40,36,0.225,False,False,False,0.0,0.3444707759999801,2000000
LDPC,160,2%,0.018681345446574276,0.01607795371498173,41,32,0.2,False,False,False,0.0,0.004436574999999721,120
GRAND,160,2%,0.018681345446574276,0.01607795371498173,41,36,0.225,False,False,False,0.0,0.35061257500001375,2000000
LDPC,160,2%,0.018681345446574276,0.01607795371498173,42,32,0.2,True,True,False,0.8,0.00017589999970368808,1
GRAND,160,2%,0.018681345446574276,0.01607795371498173,42,36,0.225,True,True,False,0.775,4.572300076688407e-05,39
LDPC,160,2%,0.018681345446574276,0.01607795371498173,43,32,0.2,True,True,False,0.8,8.42219997139182e-05,1
GRAND,160,2%,0.018681345446574276,0.01607795371498173,43,36,0.225,True,True,False,0.775,2.2401999558496755e-05,29
LDPC,160,2%,0.018681345446574276,0.01607795371498173,44,32,0.2,True,True,False,0.8,8.014400009415112e-05,1
GRAND,160,2%,0.018681345446574276,0.01607795371498173,44,36,0.225,True,True,False,0.775,3.9946000470081344e-05,126
LDPC,160,2%,0.018681345446574276,0.01607795371498173,45,32,0.2,True,True,False,0.8,0.0002787510002235649,6
GRAND,160,2%,0.018681345446574276,0.01607795371498173,45,36,0.225,True,True,False,0.775,0.0007590159993924317,4056
LDPC,160,2%,0.018681345446574276,0.01607795371498173,46,32,0.2,True,True,False,0.8,0.0001705149998088018,3
GRAND,160,2%,0.018681345446574276,0.01607795371498173,46,36,0.225,True,True,False,0.775,0.00016382800004066667,807
LDPC,160,2%,0.018681345446574276,0.01607795371498173,47,32,0.2,False,False,False,0.0,0.004348485999798868,120
GRAND,160,2%,0.018681345446574276,0.01607795371498173,47,36,0.225,True,True,False,0.775,0.000696068999786803,3904
LDPC,160,2%,0.018681345446574276,0.01607795371498173,48,32,0.2,True,True,False,0.8,0.0005977519995212788,15
GRAND,160,2%,0.018681345446574276,0.01607795371498173,48,36,0.225,True,True,False,0.775,0.005616995999844221,32199
LDPC,160,2%,0.018681345446574276,0.01607795371498173,49,32,0.2,False,False,False,0.0,0.004350265000539366,120
GRAND,160,2%,0.018681345446574276,0.01607795371498173,49,36,0.225,False,False,False,0.0,0.344379291000223,2000000
LDPC,160,2%,0.018681345446574276,0.01607795371498173,50,32,0.2,False,False,False,0.0,0.004359106000265456,120
GRAND,160,2%,0.018681345446574276,0.01607795371498173,50,36,0.225,False,False,False,0.0,0.338217493999764,2000000
LDPC,160,2%,0.018681345446574276,0.01607795371498173,51,32,0.2,True,True,False,0.8,0.00025636900045356015,3
GRAND,160,2%,0.018681345446574276,0.01607795371498173,51,36,0.225,True,True,False,0.775,0.00036439199993765214,1871
LDPC,160,2%,0.018681345446574276,0.01607795371498173,52,32,0.2,False,False,False,0.0,0.004284626999833563,120
GRAND,160,2%,0.018681345446574276,0.01607795371498173,52,36,0.225,True,True,False,0.775,0.010367304999817861,60113
LDPC,160,2%,0.018681345446574276,0.01607795371498173,53,32,0.2,False,False,False,0.0,0.0043758770007116254,120
GRAND,160,2%,0.018681345446574276,0.01607795371498173,53,36,0.225,False,False,False,0.0,0.34402999700068904,2000000
LDPC,160,2%,0.018681345446574276,0.01607795371498173,54,32,0.2,False,False,False,0.0,0.004457078000086767,120
GRAND,160,2%,0.018681345446574276,0.01607795371498173,54,36,0.225,True,True,False,0.775,0.08214206299999205,483652
LDPC,160,2%,0.018681345446574276,0.01607795371498173,55,32,0.2,True,True,False,0.8,0.00013398299961409066,1
GRAND,160,2%,0.018681345446574276,0.01607795371498173,55,36,0.225,True,True,False,0.775,6.621099964831956e-05,137
LDPC,160,2%,0.018681345446574276,0.01607795371498173,56,32,0.2,True,True,False,0.8,0.0014195050007401733,38
GRAND,160,2%,0.018681345446574276,0.01607795371498173,56,36,0.225,False,False,False,0.0,0.33777517700036697,2000000
LDPC,160,2%,0.018681345446574276,0.01607795371498173,57,32,0.2,True,True,False,0.8,0.0003812280001511681,6
GRAND,160,2%,0.018681345446574276,0.01607795371498173,57,36,0.225,True,True,False,0.775,0.10537022800053819,610532
LDPC,160,2%,0.018681345446574276,0.01607795371498173,58,32,0.2,True,True,False,0.8,0.00023343899920291733,3
GRAND,160,2%,0.018681345446574276,0.01607795371498173,58,36,0.225,True,True,False,0.775,0.0006065130000934005,3332
LDPC,160,2%,0.018681345446574276,0.01607795371498173,59,32,0.2,True,True,False,0.8,8.209699990402441e-05,1
GRAND,160,2%,0.018681345446574276,0.01607795371498173,59,36,0.225,True,True,False,0.775,0.0009317009998994763,5242
LDPC,192,2%,0.018681345446574276,0.01607795371498173,0,72,0.375,True,True,False,0.625,0.00021361800008889986,3
GRAND,192,2%,0.018681345446574276,0.01607795371498173,0,39,0.203125,False,False,False,0.0,0.33782274600071105,2000000
LDPC,192,2%,0.018681345446574276,0.01607795371498173,1,72,0.375,True,True,False,0.625,0.00020446199960133526,1
GRAND,192,2%,0.018681345446574276,0.01607795371498173,1,39,0.203125,True,True,False,0.796875,0.0008966440000222065,5056
LDPC,192,2%,0.018681345446574276,0.01607795371498173,2,72,0.375,True,True,False,0.625,0.0002127679999830434,3
GRAND,192,2%,0.018681345446574276,0.01607795371498173,2,39,0.203125,False,False,False,0.0,0.3418942660000539,2000000
LDPC,192,2%,0.018681345446574276,0.01607795371498173,3,72,0.375,True,True,False,0.625,0.00023936599973239936,2
GRAND,192,2%,0.018681345446574276,0.01607795371498173,3,39,0.203125,False,False,False,0.0,0.33501762700052495,2000000
LDPC,192,2%,0.018681345446574276,0.01607795371498173,4,72,0.375,True,True,False,0.625,0.00016667999989294913,1
GRAND,192,2%,0.018681345446574276,0.01607795371498173,4,39,0.203125,True,True,False,0.796875,4.453899964573793e-05,124
LDPC,192,2%,0.018681345446574276,0.01607795371498173,5,72,0.375,True,True,False,0.625,0.0002755619998424663,5
GRAND,192,2%,0.018681345446574276,0.01607795371498173,5,39,0.203125,False,False,False,0.0,0.336136543000066,2000000
LDPC,192,2%,0.018681345446574276,0.01607795371498173,6,72,0.375,True,True,False,0.625,0.0002482509999026661,1
GRAND,192,2%,0.018681345446574276,0.01607795371498173,6,39,0.203125,True,True,False,0.796875,6.087400015530875e-05,105
LDPC,192,2%,0.018681345446574276,0.01607795371498173,7,72,0.375,True,True,False,0.625,0.0002791300003082142,5
GRAND,192,2%,0.018681345446574276,0.01607795371498173,7,39,0.203125,False,False,False,0.0,0.3349258140005986,2000000
LDPC,192,2%,0.018681345446574276,0.01607795371498173,8,72,0.375,True,True,False,0.625,0.00020189099996059667,1
GRAND,192,2%,0.018681345446574276,0.01607795371498173,8,39,0.203125,True,True,False,0.796875,6.166799994389294e-05,168
LDPC,192,2%,0.018681345446574276,0.01607795371498173,9,72,0.375,True,True,False,0.625,0.00015446300039911876,2
GRAND,192,2%,0.018681345446574276,0.01607795371498173,9,39,0.203125,False,False,False,0.0,0.335680226000477,2000000
LDPC,192,2%,0.018681345446574276,0.01607795371498173,10,72,0.375,True,True,False,0.625,0.000276736999694549,3
GRAND,192,2%,0.018681345446574276,0.01607795371498173,10,39,0.203125,False,False,False,0.0,0.3353927089992794,2000000
LDPC,192,2%,0.018681345446574276,0.01607795371498173,11,72,0.375,True,True,False,0.625,0.0002066470005956944,1
GRAND,192,2%,0.018681345446574276,0.01607795371498173,11,39,0.203125,True,True,False,0.796875,4.0733999412623234e-05,79
LDPC,192,2%,0.018681345446574276,0.01607795371498173,12,72,0.375,True,True,False,0.625,0.0001538340002298355,2
GRAND,192,2%,0.018681345446574276,0.01607795371498173,12,39,0.203125,True,True,False,0.796875,0.17702837099932367,1048452
LDPC,192,2%,0.018681345446574276,0.01607795371498173,13,72,0.375,True,True,False,0.625,0.00015793700003996491,1
GRAND,192,2%,0.018681345446574276,0.01607795371498173,13,39,0.203125,True,True,False,0.796875,0.0014221829997040913,8046
LDPC,192,2%,0.018681345446574276,0.01607795371498173,14,72,0.375,False,False,False,0.0,0.004731289000119432,120
GRAND,192,2%,0.018681345446574276,0.01607795371498173,14,39,0.203125,False,False,False,0.0,0.336210994000794,2000000
LDPC,192,2%,0.018681345446574276,0.01607795371498173,15,72,0.375,True,True,False,0.625,0.0003019440000571194,3
GRAND,192,2%,0.018681345446574276,0.01607795371498173,15,39,0.203125,False,False,False,0.0,0.33319561799999065,2000000
LDPC,192,2%,0.018681345446574276,0.01607795371498173,16,72,0.375,True,True,False,0.625,0.00017367199961881852,1
GRAND,192,2%,0.018681345446574276,0.01607795371498173,16,39,0.203125,True,True,False,0.796875,0.005365017000258376,30758
LDPC,192,2%,0.018681345446574276,0.01607795371498173,17,72,0.375,True,True,False,0.625,0.00013659100022778148,1
GRAND,192,2%,0.018681345446574276,0.01607795371498173,17,39,0.203125,True,True,False,0.796875,4.786299996339949e-05,87
LDPC,192,2%,0.018681345446574276,0.01607795371498173,18,72,0.375,True,True,False,0.625,0.00019366899960004957,3
GRAND,192,2%,0.018681345446574276,0.01607795371498173,18,39,0.203125,False,False,False,0.0,0.3351296900000307,2000000
LDPC,192,2%,0.018681345446574276,0.01607795371498173,19,72,0.375,True,True,False,0.625,0.0003974310002377024,5
GRAND,192,2%,0.018681345446574276,0.01607795371498173,19,39,0.203125,False,False,False,0.0,0.3353161920003913,2000000
LDPC,192,2%,0.018681345446574276,0.01607795371498173,20,72,0.375,True,True,False,0.625,0.00017194699921674328,1
GRAND,192,2%,0.018681345446574276,0.01607795371498173,20,39,0.203125,True,True,False,0.796875,5.813799998577451e-05,113
LDPC,192,2%,0.018681345446574276,0.01607795371498173,21,72,0.375,True,True,False,0.625,0.0002030160003414494,3
GRAND,192,2%,0.018681345446574276,0.01607795371498173,21,39,0.203125,False,False,False,0.0,0.3348308240001643,2000000
LDPC,192,2%,0.018681345446574276,0.01607795371498173,22,72,0.375,True,True,False,0.625,0.00023906200021883706,2
GRAND,192,2%,0.018681345446574276,0.01607795371498173,22,39,0.203125,False,False,False,0.0,0.33524125999974785,2000000
LDPC,192,2%,0.018681345446574276,0.01607795371498173,23,72,0.375,True,True,False,0.625,0.0002560880002420163,3
GRAND,192,2%,0.018681345446574276,0.01607795371498173,23,39,0.203125,False,False,False,0.0,0.3367682300004162,2000000
LDPC,192,2%,0.018681345446574276,0.01607795371498173,24,72,0.375,True,True,False,0.625,0.00018960999932460254,1
GRAND,192,2%,0.018681345446574276,0.01607795371498173,24,39,0.203125,True,True,False,0.796875,3.541099977155682e-05,41
LDPC,192,2%,0.018681345446574276,0.01607795371498173,25,72,0.375,True,True,False,0.625,0.00024168300024030032,4
GRAND,192,2%,0.018681345446574276,0.01607795371498173,25,39,0.203125,False,False,False,0.0,0.3358601899999485,2000000
LDPC,192,2%,0.018681345446574276,0.01607795371498173,26,72,0.375,True,True,False,0.625,0.00027420500009611715,3
GRAND,192,2%,0.018681345446574276,0.01607795371498173,26,39,0.203125,False,False,False,0.0,0.33495273599965003,2000000
LDPC,192,2%,0.018681345446574276,0.01607795371498173,27,72,0.375,True,True,False,0.625,0.00021294700036378345,1
GRAND,192,2%,0.018681345446574276,0.01607795371498173,27,39,0.203125,True,True,False,0.796875,5.617599981633248e-05,54
LDPC,192,2%,0.018681345446574276,0.01607795371498173,28,72,0.375,True,True,False,0.625,0.00015418099974340294,2
GRAND,192,2%,0.018681345446574276,0.01607795371498173,28,39,0.203125,True,True,False,0.796875,0.06755598600011581,398781
LDPC,192,2%,0.018681345446574276,0.01607795371498173,29,72,0.375,True,True,False,0.625,0.00013820900039718254,1
GRAND,192,2%,0.018681345446574276,0.01607795371498173,29,39,0.203125,True,True,False,0.796875,5.651800074701896e-05,133
LDPC,192,2%,0.018681345446574276,0.01607795371498173,30,72,0.375,True,True,False,0.625,0.0001117370002248208,1
GRAND,192,2%,0.018681345446574276,0.01607795371498173,30,39,0.203125,True,True,False,0.796875,0.002678731999367301,15597
LDPC,192,2%,0.018681345446574276,0.01607795371498173,31,72,0.375,True,True,False,0.625,0.00018479400023352355,2
GRAND,192,2%,0.018681345446574276,0.01607795371498173,31,39,0.203125,False,False,False,0.0,0.3358561610002653,2000000
LDPC,192,2%,0.018681345446574276,0.01607795371498173,32,72,0.375,True,True,False,0.625,0.00023270200017577736,2
GRAND,192,2%,0.018681345446574276,0.01607795371498173,32,39,0.203125,False,False,False,0.0,0.3351837379996141,2000000
LDPC,192,2%,0.018681345446574276,0.01607795371498173,33,72,0.375,True,True,False,0.625,0.00024359300005016848,1
GRAND,192,2%,0.018681345446574276,0.01607795371498173,33,39,0.203125,True,True,False,0.796875,0.0012202699999761535,6805
LDPC,192,2%,0.018681345446574276,0.01607795371498173,34,72,0.375,True,True,False,0.625,0.00011926299976039445,1
GRAND,192,2%,0.018681345446574276,0.01607795371498173,34,39,0.203125,True,True,False,0.796875,2.9320000066945795e-05,63
LDPC,192,2%,0.018681345446574276,0.01607795371498173,35,72,0.375,True,True,False,0.625,0.00039774400011083344,8
GRAND,192,2%,0.018681345446574276,0.01607795371498173,35,39,0.203125,False,False,False,0.0,0.33667658399917855,2000000
LDPC,192,2%,0.018681345446574276,0.01607795371498173,36,72,0.375,True,True,False,0.625,0.00024192299952119356,2
GRAND,192,2%,0.018681345446574276,0.01607795371498173,36,39,0.203125,False,False,False,0.0,0.33505650500046613,2000000
LDPC,192,2%,0.018681345446574276,0.01607795371498173,37,72,0.375,True,True,False,0.625,0.00029011200058448594,3
GRAND,192,2%,0.018681345446574276,0.01607795371498173,37,39,0.203125,True,True,False,0.796875,0.16193980099978944,961069
LDPC,192,2%,0.018681345446574276,0.01607795371498173,38,72,0.375,True,True,False,0.625,0.00026884599992627045,3
GRAND,192,2%,0.018681345446574276,0.01607795371498173,38,39,0.203125,False,False,False,0.0,0.33579277399985585,2000000
LDPC,192,2%,0.018681345446574276,0.01607795371498173,39,72,0.375,True,True,False,0.625,0.00026697800058173016,2
GRAND,192,2%,0.018681345446574276,0.01607795371498173,39,39,0.203125,False,False,False,0.0,0.33667753800000355,2000000
LDPC,192,2%,0.018681345446574276,0.01607795371498173,40,72,0.375,True,True,False,0.625,0.00018247400021209614,1
GRAND,192,2%,0.018681345446574276,0.01607795371498173,40,39,0.203125,False,False,False,0.0,0.33547319599983894,2000000
LDPC,192,2%,0.018681345446574276,0.01607795371498173,41,72,0.375,True,True,False,0.625,0.00024915599988162285,2
GRAND,192,2%,0.018681345446574276,0.01607795371498173,41,39,0.203125,False,False,False,0.0,0.33513718799986236,2000000
LDPC,192,2%,0.018681345446574276,0.01607795371498173,42,72,0.375,False,False,False,0.0,0.004735634999633476,120
GRAND,192,2%,0.018681345446574276,0.01607795371498173,42,39,0.203125,False,False,False,0.0,0.33578464899983373,2000000
LDPC,192,2%,0.018681345446574276,0.01607795371498173,43,72,0.375,True,True,False,0.625,0.0001672809994488489,1
GRAND,192,2%,0.018681345446574276,0.01607795371498173,43,39,0.203125,True,True,False,0.796875,0.03321665500061499,197068
LDPC,192,2%,0.018681345446574276,0.01607795371498173,44,72,0.375,True,True,False,0.625,0.00019310900006530574,2
GRAND,192,2%,0.018681345446574276,0.01607795371498173,44,39,0.203125,False,False,False,0.0,0.3355465770000592,2000000
LDPC,192,2%,0.018681345446574276,0.01607795371498173,45,72,0.375,True,True,False,0.625,0.00016172200048458762,1
GRAND,192,2%,0.018681345446574276,0.01607795371498173,45,39,0.203125,True,True,False,0.796875,0.03359037299924239,199050
LDPC,192,2%,0.018681345446574276,0.01607795371498173,46,72,0.375,True,True,False,0.625,0.0001797559998522047,2
GRAND,192,2%,0.018681345446574276,0.01607795371498173,46,39,0.203125,True,True,False,0.796875,0.06711963200086757,397627
LDPC,192,2%,0.018681345446574276,0.01607795371498173,47,72,0.375,True,True,False,0.625,0.0002861399998437264,3
GRAND,192,2%,0.018681345446574276,0.01607795371498173,47,39,0.203125,True,True,False,0.796875,0.3103299659996992,1846732
LDPC,192,2%,0.018681345446574276,0.01607795371498173,48,72,0.375,True,True,False,0.625,0.00030042700018384494,2
GRAND,192,2%,0.018681345446574276,0.01607795371498173,48,39,0.203125,False,False,False,0.0,0.3353905329995541,2000000
LDPC,192,2%,0.018681345446574276,0.01607795371498173,49,72,0.375,True,True,False,0.625,0.0003644070002337685,4
GRAND,192,2%,0.018681345446574276,0.01607795371498173,49,39,0.203125,True,True,False,0.796875,0.09443018799993297,559450
LDPC,192,2%,0.018681345446574276,0.01607795371498173,50,72,0.375,True,True,False,0.625,0.0003247069998906227,4
GRAND,192,2%,0.018681345446574276,0.01607795371498173,50,39,0.203125,False,False,False,0.0,0.3349327810001341,2000000
LDPC,192,2%,0.018681345446574276,0.01607795371498173,51,72,0.375,True,True,False,0.625,0.00025407999964954797,1
GRAND,192,2%,0.018681345446574276,0.01607795371498173,51,39,0.203125,True,True,False,0.796875,6.326499988063006e-05,67
LDPC,192,2%,0.018681345446574276,0.01607795371498173,52,72,0.375,True,True,False,0.625,0.00016064700048445957,2
GRAND,192,2%,0.018681345446574276,0.01607795371498173,52,39,0.203125,True,True,False,0.796875,0.002188547000514518,12558
LDPC,192,2%,0.018681345446574276,0.01607795371498173,53,72,0.375,True,False,True,0.0,0.00020057599977008067,3
GRAND,192,2%,0.018681345446574276,0.01607795371498173,53,39,0.203125,False,False,False,0.0,0.3370394910007235,2000000
LDPC,192,2%,0.018681345446574276,0.01607795371498173,54,72,0.375,True,True,False,0.625,0.00035278199993626913,3
GRAND,192,2%,0.018681345446574276,0.01607795371498173,54,39,0.203125,False,False,False,0.0,0.33611454400033836,2000000
LDPC,192,2%,0.018681345446574276,0.01607795371498173,55,72,0.375,True,True,False,0.625,0.00021639599981426727,1
GRAND,192,2%,0.018681345446574276,0.01607795371498173,55,39,0.203125,True,True,False,0.796875,0.022381691000191495,129585
LDPC,192,2%,0.018681345446574276,0.01607795371498173,56,72,0.375,True,True,False,0.625,0.00016094300008262508,1
GRAND,192,2%,0.018681345446574276,0.01607795371498173,56,39,0.203125,True,True,False,0.796875,0.16355006000048888,970839
LDPC,192,2%,0.018681345446574276,0.01607795371498173,57,72,0.375,True,True,False,0.625,0.0002484759997969377,2
GRAND,192,2%,0.018681345446574276,0.01607795371498173,57,39,0.203125,True,True,False,0.796875,0.11639588099933462,690588
LDPC,192,2%,0.018681345446574276,0.01607795371498173,58,72,0.375,True,True,False,0.625,0.00023467500068363734,2
GRAND,192,2%,0.018681345446574276,0.01607795371498173,58,39,0.203125,True,True,False,0.796875,0.00015387599978566868,697
LDPC,192,2%,0.018681345446574276,0.01607795371498173,59,72,0.375,True,True,False,0.625,0.00011406999965402065,1
GRAND,192,2%,0.018681345446574276,0.01607795371498173,59,39,0.203125,True,True,False,0.796875,0.0020195019997117925,11767
LDPC,256,2%,0.018681345446574276,0.01607795371498173,0,96,0.375,True,True,False,0.625,0.0001857389997894643,1
GRAND,256,2%,0.018681345446574276,0.01607795371498173,0,47,0.18359375,False,False,False,0.0,0.3358549309996306,2000000
LDPC,256,2%,0.018681345446574276,0.01607795371498173,1,96,0.375,True,True,False,0.625,0.0003033560005860636,1
GRAND,256,2%,0.018681345446574276,0.01607795371498173,1,47,0.18359375,False,False,False,0.0,0.3354300639994108,2000000
LDPC,256,2%,0.018681345446574276,0.01607795371498173,2,96,0.375,True,True,False,0.625,0.0003787850000662729,2
GRAND,256,2%,0.018681345446574276,0.01607795371498173,2,47,0.18359375,False,False,False,0.0,0.33569020200047817,2000000
LDPC,256,2%,0.018681345446574276,0.01607795371498173,3,96,0.375,True,True,False,0.625,0.0002855539996744483,1
GRAND,256,2%,0.018681345446574276,0.01607795371498173,3,47,0.18359375,True,True,False,0.81640625,0.0027221939999435563,15488
LDPC,256,2%,0.018681345446574276,0.01607795371498173,4,96,0.375,True,True,False,0.625,0.00017178500002046349,1
GRAND,256,2%,0.018681345446574276,0.01607795371498173,4,47,0.18359375,True,True,False,0.81640625,0.005454258000099799,32075
LDPC,256,2%,0.018681345446574276,0.01607795371498173,5,96,0.375,True,True,False,0.625,0.00033384800008207094,3
GRAND,256,2%,0.018681345446574276,0.01607795371498173,5,47,0.18359375,False,False,False,0.0,0.3418478749999849,2000000
LDPC,256,2%,0.018681345446574276,0.01607795371498173,6,96,0.375,True,True,False,0.625,0.0003716080000231159,2
GRAND,256,2%,0.018681345446574276,0.01607795371498173,6,47,0.18359375,True,True,False,0.81640625,0.17143006799960858,1020284
LDPC,256,2%,0.018681345446574276,0.01607795371498173,7,96,0.375,True,True,False,0.625,0.00021710600049118511,1
GRAND,256,2%,0.018681345446574276,0.01607795371498173,7,47,0.18359375,True,True,False,0.81640625,0.0030819240000710124,17726
LDPC,256,2%,0.018681345446574276,0.01607795371498173,8,96,0.375,True,True,False,0.625,0.0002307559998371289,2
GRAND,256,2%,0.018681345446574276,0.01607795371498173,8,47,0.18359375,False,False,False,0.0,0.3371364300001005,2000000
LDPC,256,2%,0.018681345446574276,0.01607795371498173,9,96,0.375,True,True,False,0.625,0.0004903630006083404,4
GRAND,256,2%,0.018681345446574276,0.01607795371498173,9,47,0.18359375,False,False,False,0.0,0.33664481999949203,2000000
LDPC,256,2%,0.018681345446574276,0.01607795371498173,10,96,0.375,True,True,False,0.625,0.0007455969998773071,10
GRAND,256,2%,0.018681345446574276,0.01607795371498173,10,47,0.18359375,False,False,False,0.0,0.33619976099998894,2000000
LDPC,256,2%,0.018681345446574276,0.01607795371498173,11,96,0.375,True,True,False,0.625,0.00024085299992293585,1
GRAND,256,2%,0.018681345446574276,0.01607795371498173,11,47,0.18359375,True,True,False,0.81640625,3.875600032188231e-05,10
LDPC,256,2%,0.018681345446574276,0.01607795371498173,12,96,0.375,True,True,False,0.625,0.000278346000413876,3
GRAND,256,2%,0.018681345446574276,0.01607795371498173,12,47,0.18359375,False,False,False,0.0,0.33783329900052195,2000000
LDPC,256,2%,0.018681345446574276,0.01607795371498173,13,96,0.375,True,True,False,0.625,0.0003926169993064832,3
GRAND,256,2%,0.018681345446574276,0.01607795371498173,13,47,0.18359375,False,False,False,0.0,0.3356446779998805,2000000
LDPC,256,2%,0.018681345446574276,0.01607795371498173,14,96,0.375,True,True,False,0.625,0.0002914520000558696,1
GRAND,256,2%,0.018681345446574276,0.01607795371498173,14,47,0.18359375,False,False,False,0.0,0.3353428159998657,2000000
LDPC,256,2%,0.018681345446574276,0.01607795371498173,15,96,0.375,True,True,False,0.625,0.0002694040003916598,1
GRAND,256,2%,0.018681345446574276,0.01607795371498173,15,47,0.18359375,True,True,False,0.81640625,0.04956386600042606,290157
LDPC,256,2%,0.018681345446574276,0.01607795371498173,16,96,0.375,True,True,False,0.625,0.00023214500015455997,1
GRAND,256,2%,0.018681345446574276,0.01607795371498173,16,47,0.18359375,True,True,False,0.81640625,0.1144177630003469,678626
LDPC,256,2%,0.018681345446574276,0.01607795371498173,17,96,0.375,True,True,False,0.625,0.0002244709994556615,1
GRAND,256,2%,0.018681345446574276,0.01607795371498173,17,47,0.18359375,True,True,False,0.81640625,0.2884144859999651,1714320
LDPC,256,2%,0.018681345446574276,0.01607795371498173,18,96,0.375,True,True,False,0.625,0.00029638700016221264,1
GRAND,256,2%,0.018681345446574276,0.01607795371498173,18,47,0.18359375,True,True,False,0.81640625,0.3300891520002551,1958147
LDPC,256,2%,0.018681345446574276,0.01607795371498173,19,96,0.375,True,True,False,0.625,0.0005970049996903981,6
GRAND,256,2%,0.018681345446574276,0.01607795371498173,19,47,0.18359375,False,False,False,0.0,0.33733648900033586,2000000
LDPC,256,2%,0.018681345446574276,0.01607795371498173,20,96,0.375,True,True,False,0.625,0.00029655899925273843,1
GRAND,256,2%,0.018681345446574276,0.01607795371498173,20,47,0.18359375,False,False,False,0.0,0.33733049600050435,2000000
LDPC,256,2%,0.018681345446574276,0.01607795371498173,21,96,0.375,True,True,False,0.625,0.0002950649995909771,1
GRAND,256,2%,0.018681345446574276,0.01607795371498173,21,47,0.18359375,False,False,False,0.0,0.33625448800012236,2000000
LDPC,256,2%,0.018681345446574276,0.01607795371498173,22,96,0.375,True,True,False,0.625,0.0004119519999221666,3
GRAND,256,2%,0.018681345446574276,0.01607795371498173,22,47,0.18359375,False,False,False,0.0,0.3374351660004322,2000000
LDPC,256,2%,0.018681345446574276,0.01607795371498173,23,96,0.375,True,True,False,0.625,0.0006341499993141042,7
GRAND,256,2%,0.018681345446574276,0.01607795371498173,23,47,0.18359375,False,False,False,0.0,0.33574234699972294,2000000
LDPC,256,2%,0.018681345446574276,0.01607795371498173,24,96,0.375,True,True,False,0.625,0.00038271799985523103,3
GRAND,256,2%,0.018681345446574276,0.01607795371498173,24,47,0.18359375,False,False,False,0.0,0.3363899030000539,2000000
LDPC,256,2%,0.018681345446574276,0.01607795371498173,25,96,0.375,True,True,False,0.625,0.0006403340003089397,7
GRAND,256,2%,0.018681345446574276,0.01607795371498173,25,47,0.18359375,False,False,False,0.0,0.33611926100002165,2000000
LDPC,256,2%,0.018681345446574276,0.01607795371498173,26,96,0.375,True,True,False,0.625,0.0004128479995415546,3
GRAND,256,2%,0.018681345446574276,0.01607795371498173,26,47,0.18359375,False,False,False,0.0,0.3363172940007644,2000000
LDPC,256,2%,0.018681345446574276,0.01607795371498173,27,96,0.375,True,True,False,0.625,0.00040936400000646245,3
GRAND,256,2%,0.018681345446574276,0.01607795371498173,27,47,0.18359375,False,False,False,0.0,0.3400258989995564,2000000
LDPC,256,2%,0.018681345446574276,0.01607795371498173,28,96,0.375,True,True,False,0.625,0.00028766699961124687,1
GRAND,256,2%,0.018681345446574276,0.01607795371498173,28,47,0.18359375,False,False,False,0.0,0.3371921130001283,2000000
LDPC,256,2%,0.018681345446574276,0.01607795371498173,29,96,0.375,True,True,False,0.625,0.00029040400022495305,1
GRAND,256,2%,0.018681345446574276,0.01607795371498173,29,47,0.18359375,True,True,False,0.81640625,0.002171365999856789,11623
LDPC,256,2%,0.018681345446574276,0.01607795371498173,30,96,0.375,True,True,False,0.625,0.0004141590006838669,6
GRAND,256,2%,0.018681345446574276,0.01607795371498173,30,47,0.18359375,False,False,False,0.0,0.33768694199989113,2000000
LDPC,256,2%,0.018681345446574276,0.01607795371498173,31,96,0.375,True,True,False,0.625,0.00038432899964391254,3
GRAND,256,2%,0.018681345446574276,0.01607795371498173,31,47,0.18359375,True,True,False,0.81640625,0.21688387700032763,1290823
LDPC,256,2%,0.018681345446574276,0.01607795371498173,32,96,0.375,True,True,False,0.625,0.0003465119998509181,2
GRAND,256,2%,0.018681345446574276,0.01607795371498173,32,47,0.18359375,False,False,False,0.0,0.3365726750007525,2000000
LDPC,256,2%,0.018681345446574276,0.01607795371498173,33,96,0.375,True,True,False,0.625,0.00041832399983832147,3
GRAND,256,2%,0.018681345446574276,0.01607795371498173,33,47,0.18359375,False,False,False,0.0,0.3368252170002961,2000000
LDPC,256,2%,0.018681345446574276,0.01607795371498173,34,96,0.375,True,True,False,0.625,0.00045670700001210207,4
GRAND,256,2%,0.018681345446574276,0.01607795371498173,34,47,0.18359375,False,False,False,0.0,0.3364207199992961,2000000
LDPC,256,2%,0.018681345446574276,0.01607795371498173,35,96,0.375,True,True,False,0.625,0.0002787710000120569,1
GRAND,256,2%,0.018681345446574276,0.01607795371498173,35,47,0.18359375,True,True,False,0.81640625,4.762499975186074e-05,1
LDPC,256,2%,0.018681345446574276,0.01607795371498173,36,96,0.375,True,True,False,0.625,0.0001678629996604286,1
GRAND,256,2%,0.018681345446574276,0.01607795371498173,36,47,0.18359375,True,True,False,0.81640625,6.724400009261444e-05,229
LDPC,256,2%,0.018681345446574276,0.01607795371498173,37,96,0.375,True,True,False,0.625,0.0003112940003120457,4
GRAND,256,2%,0.018681345446574276,0.01607795371498173,37,47,0.18359375,False,False,False,0.0,0.3361022290000619,2000000
LDPC,256,2%,0.018681345446574276,0.01607795371498173,38,96,0.375,True,True,False,0.625,0.00037075799991725944,3
GRAND,256,2%,0.018681345446574276,0.01607795371498173,38,47,0.18359375,False,False,False,0.0,0.3357186789999105,2000000
LDPC,256,2%,0.018681345446574276,0.01607795371498173,39,96,0.375,True,True,False,0.625,0.0003405580000617192,2
GRAND,256,2%,0.018681345446574276,0.01607795371498173,39,47,0.18359375,False,False,False,0.0,0.3358059560005131,2000000
LDPC,256,2%,0.018681345446574276,0.01607795371498173,40,96,0.375,True,True,False,0.625,0.00032839799951034365,1
GRAND,256,2%,0.018681345446574276,0.01607795371498173,40,47,0.18359375,False,False,False,0.0,0.33607383300022775,2000000
LDPC,256,2%,0.018681345446574276,0.01607795371498173,41,96,0.375,True,True,False,0.625,0.0004612580005414202,4
GRAND,256,2%,0.018681345446574276,0.01607795371498173,41,47,0.18359375,False,False,False,0.0,0.3367248920003476,2000000
LDPC,256,2%,0.018681345446574276,0.01607795371498173,42,96,0.375,True,True,False,0.625,0.00041348300055688014,3
GRAND,256,2%,0.018681345446574276,0.01607795371498173,42,47,0.18359375,False,False,False,0.0,0.33568232499965234,2000000
LDPC,256,2%,0.018681345446574276,0.01607795371498173,43,96,0.375,True,True,False,0.625,0.00037103799968463136,2
GRAND,256,2%,0.018681345446574276,0.01607795371498173,43,47,0.18359375,False,False,False,0.0,0.3361810210008116,2000000
LDPC,256,2%,0.018681345446574276,0.01607795371498173,44,96,0.375,True,True,False,0.625,0.00041626900019764435,3
GRAND,256,2%,0.018681345446574276,0.01607795371498173,44,47,0.18359375,False,False,False,0.0,0.3362998449993029,2000000
LDPC,256,2%,0.018681345446574276,0.01607795371498173,45,96,0.375,True,True,False,0.625,0.0003901659993061912,2
GRAND,256,2%,0.018681345446574276,0.01607795371498173,45,47,0.18359375,True,True,False,0.81640625,0.11327938799968251,675813
LDPC,256,2%,0.018681345446574276,0.01607795371498173,46,96,0.375,True,True,False,0.625,0.0008028259999264264,11
GRAND,256,2%,0.018681345446574276,0.01607795371498173,46,47,0.18359375,False,False,False,0.0,0.3354116150003392,2000000
LDPC,256,2%,0.018681345446574276,0.01607795371498173,47,96,0.375,True,True,False,0.625,0.00024543400013499195,1
GRAND,256,2%,0.018681345446574276,0.01607795371498173,47,47,0.18359375,True,True,False,0.81640625,0.00510412399944471,29940
LDPC,256,2%,0.018681345446574276,0.01607795371498173,48,96,0.375,True,True,False,0.625,0.0002558590003900463,2
GRAND,256,2%,0.018681345446574276,0.01607795371498173,48,47,0.18359375,False,False,False,0.0,0.3402998159999697,2000000
LDPC,256,2%,0.018681345446574276,0.01607795371498173,49,96,0.375,True,True,False,0.625,0.00033432400050514843,2
GRAND,256,2%,0.018681345446574276,0.01607795371498173,49,47,0.18359375,True,True,False,0.81640625,0.29108285199981765,1724122
LDPC,256,2%,0.018681345446574276,0.01607795371498173,50,96,0.375,True,True,False,0.625,0.00037732700002379715,2
GRAND,256,2%,0.018681345446574276,0.01607795371498173,50,47,0.18359375,False,False,False,0.0,0.3362655099999756,2000000
LDPC,256,2%,0.018681345446574276,0.01607795371498173,51,96,0.375,True,True,False,0.625,0.0003300359994682367,2
GRAND,256,2%,0.018681345446574276,0.01607795371498173,51,47,0.18359375,False,False,False,0.0,0.3333730819995253,2000000
LDPC,256,2%,0.018681345446574276,0.01607795371498173,52,96,0.375,True,True,False,0.625,0.00033729700044204947,2
GRAND,256,2%,0.018681345446574276,0.01607795371498173,52,47,0.18359375,False,False,False,0.0,0.3385524109999096,2000000
LDPC,256,2%,0.018681345446574276,0.01607795371498173,53,96,0.375,True,True,False,0.625,0.0006109470004957984,7
GRAND,256,2%,0.018681345446574276,0.01607795371498173,53,47,0.18359375,False,False,False,0.0,0.33341796700005943,2000000
LDPC,256,2%,0.018681345446574276,0.01607795371498173,54,96,0.375,True,True,False,0.625,0.00025366600038978504,1
GRAND,256,2%,0.018681345446574276,0.01607795371498173,54,47,0.18359375,True,True,False,0.81640625,0.0033647010004642652,19398
LDPC,256,2%,0.018681345446574276,0.01607795371498173,55,96,0.375,True,True,False,0.625,0.00018264499976794468,1
GRAND,256,2%,0.018681345446574276,0.01607795371498173,55,47,0.18359375,True,True,False,0.81640625,0.0030391839991352754,17750
LDPC,256,2%,0.018681345446574276,0.01607795371498173,56,96,0.375,True,True,False,0.625,0.00033776500004023546,4
GRAND,256,2%,0.018681345446574276,0.01607795371498173,56,47,0.18359375,False,False,False,0.0,0.33553730100084067,2000000
LDPC,256,2%,0.018681345446574276,0.01607795371498173,57,96,0.375,True,True,False,0.625,0.00030762400001549395,2
GRAND,256,2%,0.018681345446574276,0.01607795371498173,57,47,0.18359375,False,False,False,0.0,0.33604363900030876,2000000
LDPC,256,2%,0.018681345446574276,0.01607795371498173,58,96,0.375,True,True,False,0.625,0.0002967629998238408,1
GRAND,256,2%,0.018681345446574276,0.01607795371498173,58,47,0.18359375,False,False,False,0.0,0.33552781000071263,2000000
LDPC,256,2%,0.018681345446574276,0.01607795371498173,59,96,0.375,True,True,False,0.625,0.00030012900060683023,2
GRAND,256,2%,0.018681345446574276,0.01607795371498173,59,47,0.18359375,False,False,False,0.0,0.33454057999915676,2000000
