method,n,qber_label,p_true,p_est,trial,leaked_bits,syndrome_rate,claimed_success,correct,undetected_error,net_key_fraction,time_s,work_units,variant
LDPC,1000,10%,0.10286,0.1052,0,600,0.6,True,True,False,0.4,0.03461059999972349,12,uniform (baseline)
LDPC,1000,10%,0.10286,0.1052,1,600,0.6,False,False,False,0.0,0.2851288999991084,120,uniform (baseline)
LDPC,1000,10%,0.10286,0.1052,2,600,0.6,True,True,False,0.4,0.04101059999811696,15,uniform (baseline)
LDPC,1000,10%,0.10286,0.1052,3,600,0.6,True,True,False,0.4,0.03170429999954649,12,uniform (baseline)
LDPC,1000,10%,0.10286,0.1052,4,600,0.6,True,True,False,0.4,0.019903399999748217,6,uniform (baseline)
LDPC,1000,10%,0.10286,0.1052,5,600,0.6,False,False,False,0.0,0.27519349999784026,120,uniform (baseline)
LDPC,1000,10%,0.10286,0.1052,6,600,0.6,True,True,False,0.4,0.025964600001316285,9,uniform (baseline)
LDPC,1000,10%,0.10286,0.1052,7,600,0.6,True,True,False,0.4,0.022073899999668356,8,uniform (baseline)
LDPC,1000,10%,0.10286,0.1052,8,600,0.6,False,False,False,0.0,0.26447090000147,120,uniform (baseline)
LDPC,1000,10%,0.10286,0.1052,9,600,0.6,True,True,False,0.4,0.12993730000016512,57,uniform (baseline)
LDPC,1000,10%,0.10286,0.1052,10,600,0.6,True,True,False,0.4,0.027610199998889584,8,uniform (baseline)
LDPC,1000,10%,0.10286,0.1052,11,600,0.6,True,True,False,0.4,0.030252299999119714,10,uniform (baseline)
LDPC,1000,10%,0.10286,0.1052,12,600,0.6,True,True,False,0.4,0.03516739999759011,11,uniform (baseline)
LDPC,1000,10%,0.10286,0.1052,13,600,0.6,True,True,False,0.4,0.03409370000008494,9,uniform (baseline)
LDPC,1000,10%,0.10286,0.1052,14,600,0.6,True,True,False,0.4,0.035487699999066535,10,uniform (baseline)
LDPC,1000,10%,0.10286,0.1052,15,600,0.6,False,False,False,0.0,0.2790863999980502,120,uniform (baseline)
LDPC,1000,10%,0.10286,0.1052,16,600,0.6,True,True,False,0.4,0.021484100001543993,7,uniform (baseline)
LDPC,1000,10%,0.10286,0.1052,17,600,0.6,True,True,False,0.4,0.028897200001665624,10,uniform (baseline)
LDPC,1000,10%,0.10286,0.1052,18,600,0.6,True,True,False,0.4,0.05106639999939944,20,uniform (baseline)
LDPC,1000,10%,0.10286,0.1052,19,600,0.6,False,False,False,0.0,0.2563412999988941,120,uniform (baseline)
LDPC,1000,10%,0.10286,0.1052,20,600,0.6,True,True,False,0.4,0.10367269999915152,45,uniform (baseline)
LDPC,1000,10%,0.10286,0.1052,21,600,0.6,True,True,False,0.4,0.029644599999301136,12,uniform (baseline)
LDPC,1000,10%,0.10286,0.1052,22,600,0.6,True,True,False,0.4,0.03665750000072876,13,uniform (baseline)
LDPC,1000,10%,0.10286,0.1052,23,600,0.6,True,True,False,0.4,0.03562389999933657,14,uniform (baseline)
LDPC,1000,10%,0.10286,0.1052,24,600,0.6,True,True,False,0.4,0.044993899999099085,18,uniform (baseline)
LDPC,1000,10%,0.10286,0.1052,25,600,0.6,True,True,False,0.4,0.03406200000245008,12,uniform (baseline)
LDPC,1000,10%,0.10286,0.1052,26,600,0.6,False,False,False,0.0,0.26010089999908814,120,uniform (baseline)
LDPC,1000,10%,0.10286,0.1052,27,600,0.6,False,False,False,0.0,0.255590900000243,120,uniform (baseline)
LDPC,1000,10%,0.10286,0.1052,28,600,0.6,False,False,False,0.0,0.2568009000024176,120,uniform (baseline)
LDPC,1000,10%,0.10286,0.1052,29,600,0.6,True,True,False,0.4,0.026684899999963818,9,uniform (baseline)
LDPC,1000,10%,0.10286,0.1052,30,600,0.6,False,False,False,0.0,0.2715059999973164,120,uniform (baseline)
LDPC,1000,10%,0.10286,0.1052,31,600,0.6,False,False,False,0.0,0.2887250000021595,120,uniform (baseline)
LDPC,1000,10%,0.10286,0.1052,32,600,0.6,True,True,False,0.4,0.0649301999983436,21,uniform (baseline)
LDPC,1000,10%,0.10286,0.1052,33,600,0.6,True,True,False,0.4,0.037268399999447865,14,uniform (baseline)
LDPC,1000,10%,0.10286,0.1052,34,600,0.6,True,True,False,0.4,0.05974019999848679,24,uniform (baseline)
LDPC,1000,10%,0.10286,0.1052,35,600,0.6,False,False,False,0.0,0.2712576000012632,120,uniform (baseline)
LDPC,1000,10%,0.10286,0.1052,36,600,0.6,True,True,False,0.4,0.04834660000051372,17,uniform (baseline)
LDPC,1000,10%,0.10286,0.1052,37,600,0.6,True,True,False,0.4,0.04306399999768473,14,uniform (baseline)
LDPC,1000,10%,0.10286,0.1052,38,600,0.6,False,False,False,0.0,0.27978510000320966,120,uniform (baseline)
LDPC,1000,10%,0.10286,0.1052,39,600,0.6,True,True,False,0.4,0.023023300000204472,8,uniform (baseline)
LDPC,1000,10%,0.10286,0.1052,0,600,0.6,True,True,False,0.4,0.02781709999908344,9,aware (10% sample)
LDPC,1000,10%,0.10286,0.1052,1,600,0.6,True,True,False,0.4,0.0689254000026267,29,aware (10% sample)
LDPC,1000,10%,0.10286,0.1052,2,600,0.6,True,True,False,0.4,0.027941000000282656,9,aware (10% sample)
LDPC,1000,10%,0.10286,0.1052,3,600,0.6,True,True,False,0.4,0.0256468000006862,9,aware (10% sample)
LDPC,1000,10%,0.10286,0.1052,4,600,0.6,True,True,False,0.4,0.018897699999797624,5,aware (10% sample)
LDPC,1000,10%,0.10286,0.1052,5,600,0.6,True,True,False,0.4,0.040720900000451365,15,aware (10% sample)
LDPC,1000,10%,0.10286,0.1052,6,600,0.6,True,True,False,0.4,0.02285470000060741,7,aware (10% sample)
LDPC,1000,10%,0.10286,0.1052,7,600,0.6,True,True,False,0.4,0.02164469999843277,6,aware (10% sample)
LDPC,1000,10%,0.10286,0.1052,8,600,0.6,True,True,False,0.4,0.0546758000018599,20,aware (10% sample)
LDPC,1000,10%,0.10286,0.1052,9,600,0.6,True,True,False,0.4,0.03279430000111461,10,aware (10% sample)
LDPC,1000,10%,0.10286,0.1052,10,600,0.6,True,True,False,0.4,0.024264300001959782,7,aware (10% sample)
LDPC,1000,10%,0.10286,0.1052,11,600,0.6,True,True,False,0.4,0.020530400001007365,5,aware (10% sample)
LDPC,1000,10%,0.10286,0.1052,12,600,0.6,True,True,False,0.4,0.02191750000201864,7,aware (10% sample)
LDPC,1000,10%,0.10286,0.1052,13,600,0.6,True,True,False,0.4,0.02051469999787514,6,aware (10% sample)
LDPC,1000,10%,0.10286,0.1052,14,600,0.6,True,True,False,0.4,0.02517929999885382,8,aware (10% sample)
LDPC,1000,10%,0.10286,0.1052,15,600,0.6,True,True,False,0.4,0.03970419999677688,16,aware (10% sample)
LDPC,1000,10%,0.10286,0.1052,16,600,0.6,True,True,False,0.4,0.022538299999723677,6,aware (10% sample)
LDPC,1000,10%,0.10286,0.1052,17,600,0.6,True,True,False,0.4,0.021432800000184216,5,aware (10% sample)
LDPC,1000,10%,0.10286,0.1052,18,600,0.6,True,True,False,0.4,0.03933299999698647,13,aware (10% sample)
LDPC,1000,10%,0.10286,0.1052,19,600,0.6,True,True,False,0.4,0.04690839999966556,17,aware (10% sample)
LDPC,1000,10%,0.10286,0.1052,20,600,0.6,True,True,False,0.4,0.07647069999802625,29,aware (10% sample)
LDPC,1000,10%,0.10286,0.1052,21,600,0.6,True,True,False,0.4,0.021551000001636567,7,aware (10% sample)
LDPC,1000,10%,0.10286,0.1052,22,600,0.6,True,True,False,0.4,0.02761060000193538,8,aware (10% sample)
LDPC,1000,10%,0.10286,0.1052,23,600,0.6,True,True,False,0.4,0.03417769999941811,11,aware (10% sample)
LDPC,1000,10%,0.10286,0.1052,24,600,0.6,True,True,False,0.4,0.03299159999733092,11,aware (10% sample)
LDPC,1000,10%,0.10286,0.1052,25,600,0.6,True,True,False,0.4,0.026741699999547563,8,aware (10% sample)
LDPC,1000,10%,0.10286,0.1052,26,600,0.6,True,True,False,0.4,0.03756260000227485,12,aware (10% sample)
LDPC,1000,10%,0.10286,0.1052,27,600,0.6,True,True,False,0.4,0.03540140000040992,12,aware (10% sample)
LDPC,1000,10%,0.10286,0.1052,28,600,0.6,True,True,False,0.4,0.030482399997708853,10,aware (10% sample)
LDPC,1000,10%,0.10286,0.1052,29,600,0.6,True,True,False,0.4,0.02230480000071111,7,aware (10% sample)
LDPC,1000,10%,0.10286,0.1052,30,600,0.6,False,False,False,0.0,0.2814116000008653,120,aware (10% sample)
LDPC,1000,10%,0.10286,0.1052,31,600,0.6,True,True,False,0.4,0.09045659999901545,37,aware (10% sample)
LDPC,1000,10%,0.10286,0.1052,32,600,0.6,True,True,False,0.4,0.02885009999954491,10,aware (10% sample)
LDPC,1000,10%,0.10286,0.1052,33,600,0.6,True,True,False,0.4,0.03538320000006934,11,aware (10% sample)
LDPC,1000,10%,0.10286,0.1052,34,600,0.6,True,True,False,0.4,0.03286920000027749,11,aware (10% sample)
LDPC,1000,10%,0.10286,0.1052,35,600,0.6,True,True,False,0.4,0.042632500000763685,14,aware (10% sample)
LDPC,1000,10%,0.10286,0.1052,36,600,0.6,True,True,False,0.4,0.030804300000454532,9,aware (10% sample)
LDPC,1000,10%,0.10286,0.1052,37,600,0.6,True,True,False,0.4,0.04174570000031963,14,aware (10% sample)
LDPC,1000,10%,0.10286,0.1052,38,600,0.6,True,True,False,0.4,0.07116429999950924,24,aware (10% sample)
LDPC,1000,10%,0.10286,0.1052,39,600,0.6,True,True,False,0.4,0.02000649999899906,6,aware (10% sample)
LDPC,1000,10%,0.10286,0.1052,0,600,0.6,True,True,False,0.4,0.029778499996609753,9,aware (5% sample)
LDPC,1000,10%,0.10286,0.1052,1,600,0.6,True,True,False,0.4,0.08236620000025141,34,aware (5% sample)
LDPC,1000,10%,0.10286,0.1052,2,600,0.6,True,True,False,0.4,0.027169799999683164,9,aware (5% sample)
LDPC,1000,10%,0.10286,0.1052,3,600,0.6,True,True,False,0.4,0.02391410000200267,9,aware (5% sample)
LDPC,1000,10%,0.10286,0.1052,4,600,0.6,True,True,False,0.4,0.017091900001105387,5,aware (5% sample)
LDPC,1000,10%,0.10286,0.1052,5,600,0.6,True,True,False,0.4,0.046383099997910904,16,aware (5% sample)
LDPC,1000,10%,0.10286,0.1052,6,600,0.6,True,True,False,0.4,0.022095699998317286,7,aware (5% sample)
LDPC,1000,10%,0.10286,0.1052,7,600,0.6,True,True,False,0.4,0.021536600001127226,6,aware (5% sample)
LDPC,1000,10%,0.10286,0.1052,8,600,0.6,True,True,False,0.4,0.048231100001430605,19,aware (5% sample)
LDPC,1000,10%,0.10286,0.1052,9,600,0.6,True,True,False,0.4,0.030663899997307453,12,aware (5% sample)
LDPC,1000,10%,0.10286,0.1052,10,600,0.6,True,True,False,0.4,0.019754299999476643,7,aware (5% sample)
LDPC,1000,10%,0.10286,0.1052,11,600,0.6,True,True,False,0.4,0.01562470000135363,5,aware (5% sample)
LDPC,1000,10%,0.10286,0.1052,12,600,0.6,True,True,False,0.4,0.019563499998184852,7,aware (5% sample)
LDPC,1000,10%,0.10286,0.1052,13,600,0.6,True,True,False,0.4,0.0169729000008374,5,aware (5% sample)
LDPC,1000,10%,0.10286,0.1052,14,600,0.6,True,True,False,0.4,0.022357600002578693,8,aware (5% sample)
LDPC,1000,10%,0.10286,0.1052,15,600,0.6,True,True,False,0.4,0.04424410000137868,17,aware (5% sample)
LDPC,1000,10%,0.10286,0.1052,16,600,0.6,True,True,False,0.4,0.019018900002265582,6,aware (5% sample)
LDPC,1000,10%,0.10286,0.1052,17,600,0.6,True,True,False,0.4,0.019142000001011183,6,aware (5% sample)
LDPC,1000,10%,0.10286,0.1052,18,600,0.6,True,True,False,0.4,0.042644699999073055,14,aware (5% sample)
LDPC,1000,10%,0.10286,0.1052,19,600,0.6,True,True,False,0.4,0.040948800000478514,17,aware (5% sample)
LDPC,1000,10%,0.10286,0.1052,20,600,0.6,True,True,False,0.4,0.06985609999901499,30,aware (5% sample)
LDPC,1000,10%,0.10286,0.1052,21,600,0.6,True,True,False,0.4,0.019771399998717243,7,aware (5% sample)
LDPC,1000,10%,0.10286,0.1052,22,600,0.6,True,True,False,0.4,0.022226799999771174,8,aware (5% sample)
LDPC,1000,10%,0.10286,0.1052,23,600,0.6,True,True,False,0.4,0.030266700003267033,11,aware (5% sample)
LDPC,1000,10%,0.10286,0.1052,24,600,0.6,True,True,False,0.4,0.028640199998335447,11,aware (5% sample)
LDPC,1000,10%,0.10286,0.1052,25,600,0.6,True,True,False,0.4,0.02144870000120136,8,aware (5% sample)
LDPC,1000,10%,0.10286,0.1052,26,600,0.6,True,True,False,0.4,0.029968700000608806,12,aware (5% sample)
LDPC,1000,10%,0.10286,0.1052,27,600,0.6,True,True,False,0.4,0.0350773999998637,13,aware (5% sample)
LDPC,1000,10%,0.10286,0.1052,28,600,0.6,True,True,False,0.4,0.02770529999907012,10,aware (5% sample)
LDPC,1000,10%,0.10286,0.1052,29,600,0.6,True,True,False,0.4,0.020589600000676,7,aware (5% sample)
LDPC,1000,10%,0.10286,0.1052,30,600,0.6,False,False,False,0.0,0.2559538000023167,120,aware (5% sample)
LDPC,1000,10%,0.10286,0.1052,31,600,0.6,True,True,False,0.4,0.13739690000147675,66,aware (5% sample)
LDPC,1000,10%,0.10286,0.1052,32,600,0.6,True,True,False,0.4,0.02431340000111959,10,aware (5% sample)
LDPC,1000,10%,0.10286,0.1052,33,600,0.6,True,True,False,0.4,0.03253440000116825,11,aware (5% sample)
LDPC,1000,10%,0.10286,0.1052,34,600,0.6,True,True,False,0.4,0.03374749999784399,12,aware (5% sample)
LDPC,1000,10%,0.10286,0.1052,35,600,0.6,True,True,False,0.4,0.03380420000030426,14,aware (5% sample)
LDPC,1000,10%,0.10286,0.1052,36,600,0.6,True,True,False,0.4,0.02650549999816576,9,aware (5% sample)
LDPC,1000,10%,0.10286,0.1052,37,600,0.6,True,True,False,0.4,0.03384449999794015,14,aware (5% sample)
LDPC,1000,10%,0.10286,0.1052,38,600,0.6,True,True,False,0.4,0.053556300001218915,23,aware (5% sample)
LDPC,1000,10%,0.10286,0.1052,39,600,0.6,True,True,False,0.4,0.019248599997808924,6,aware (5% sample)
LDPC,1000,10%,0.10286,0.1052,0,600,0.6,True,True,False,0.4,0.030903599999874132,9,aware (20% sample)
LDPC,1000,10%,0.10286,0.1052,1,600,0.6,True,True,False,0.4,0.06265829999756534,29,aware (20% sample)
LDPC,1000,10%,0.10286,0.1052,2,600,0.6,True,True,False,0.4,0.024076900001091417,9,aware (20% sample)
LDPC,1000,10%,0.10286,0.1052,3,600,0.6,True,True,False,0.4,0.026049500000226544,9,aware (20% sample)
LDPC,1000,10%,0.10286,0.1052,4,600,0.6,True,True,False,0.4,0.015264100002241321,5,aware (20% sample)
LDPC,1000,10%,0.10286,0.1052,5,600,0.6,True,True,False,0.4,0.03523069999937434,15,aware (20% sample)
LDPC,1000,10%,0.10286,0.1052,6,600,0.6,True,True,False,0.4,0.0189301999998861,7,aware (20% sample)
LDPC,1000,10%,0.10286,0.1052,7,600,0.6,True,True,False,0.4,0.017531099998450372,6,aware (20% sample)
LDPC,1000,10%,0.10286,0.1052,8,600,0.6,True,True,False,0.4,0.04461699999956181,20,aware (20% sample)
LDPC,1000,10%,0.10286,0.1052,9,600,0.6,True,True,False,0.4,0.022809199999755947,10,aware (20% sample)
LDPC,1000,10%,0.10286,0.1052,10,600,0.6,True,True,False,0.4,0.023646699999517296,7,aware (20% sample)
LDPC,1000,10%,0.10286,0.1052,11,600,0.6,True,True,False,0.4,0.016575000001466833,5,aware (20% sample)
LDPC,1000,10%,0.10286,0.1052,12,600,0.6,True,True,False,0.4,0.019881799998984206,7,aware (20% sample)
LDPC,1000,10%,0.10286,0.1052,13,600,0.6,True,True,False,0.4,0.018045799999526935,6,aware (20% sample)
LDPC,1000,10%,0.10286,0.1052,14,600,0.6,True,True,False,0.4,0.021040700001321966,8,aware (20% sample)
LDPC,1000,10%,0.10286,0.1052,15,600,0.6,True,True,False,0.4,0.04391340000074706,16,aware (20% sample)
LDPC,1000,10%,0.10286,0.1052,16,600,0.6,True,True,False,0.4,0.022769399998651352,6,aware (20% sample)
LDPC,1000,10%,0.10286,0.1052,17,600,0.6,True,True,False,0.4,0.018450499999744352,5,aware (20% sample)
LDPC,1000,10%,0.10286,0.1052,18,600,0.6,True,True,False,0.4,0.034517500000220025,13,aware (20% sample)
LDPC,1000,10%,0.10286,0.1052,19,600,0.6,True,True,False,0.4,0.0434910999974818,17,aware (20% sample)
LDPC,1000,10%,0.10286,0.1052,20,600,0.6,True,True,False,0.4,0.06839869999748771,28,aware (20% sample)
LDPC,1000,10%,0.10286,0.1052,21,600,0.6,True,True,False,0.4,0.022357499998179264,7,aware (20% sample)
LDPC,1000,10%,0.10286,0.1052,22,600,0.6,True,True,False,0.4,0.025856300002487842,8,aware (20% sample)
LDPC,1000,10%,0.10286,0.1052,23,600,0.6,True,True,False,0.4,0.02706729999772506,11,aware (20% sample)
LDPC,1000,10%,0.10286,0.1052,24,600,0.6,True,True,False,0.4,0.03155669999978272,11,aware (20% sample)
LDPC,1000,10%,0.10286,0.1052,25,600,0.6,True,True,False,0.4,0.0256294999999227,8,aware (20% sample)
LDPC,1000,10%,0.10286,0.1052,26,600,0.6,True,True,False,0.4,0.03126920000067912,12,aware (20% sample)
LDPC,1000,10%,0.10286,0.1052,27,600,0.6,True,True,False,0.4,0.031376800001453375,12,aware (20% sample)
LDPC,1000,10%,0.10286,0.1052,28,600,0.6,True,True,False,0.4,0.02730850000079954,10,aware (20% sample)
LDPC,1000,10%,0.10286,0.1052,29,600,0.6,True,True,False,0.4,0.024340700001630466,7,aware (20% sample)
LDPC,1000,10%,0.10286,0.1052,30,600,0.6,False,False,False,0.0,0.24042179999742075,120,aware (20% sample)
LDPC,1000,10%,0.10286,0.1052,31,600,0.6,True,True,False,0.4,0.07155509999938658,34,aware (20% sample)
LDPC,1000,10%,0.10286,0.1052,32,600,0.6,True,True,False,0.4,0.02920810000068741,10,aware (20% sample)
LDPC,1000,10%,0.10286,0.1052,33,600,0.6,True,True,False,0.4,0.028843500000220956,11,aware (20% sample)
LDPC,1000,10%,0.10286,0.1052,34,600,0.6,True,True,False,0.4,0.02872610000122222,11,aware (20% sample)
LDPC,1000,10%,0.10286,0.1052,35,600,0.6,True,True,False,0.4,0.037931599999865284,14,aware (20% sample)
LDPC,1000,10%,0.10286,0.1052,36,600,0.6,True,True,False,0.4,0.02451949999885983,9,aware (20% sample)
LDPC,1000,10%,0.10286,0.1052,37,600,0.6,True,True,False,0.4,0.03341250000084983,14,aware (20% sample)
LDPC,1000,10%,0.10286,0.1052,38,600,0.6,True,True,False,0.4,0.05308980000336305,25,aware (20% sample)
LDPC,1000,10%,0.10286,0.1052,39,600,0.6,True,True,False,0.4,0.01980840000032913,6,aware (20% sample)
LDPC,1000,10%,0.10286,0.1052,0,600,0.6,True,True,False,0.4,0.024435499999526655,9,aware skewed +/-30%
LDPC,1000,10%,0.10286,0.1052,1,600,0.6,False,False,False,0.0,0.241646700000274,120,aware skewed +/-30%
LDPC,1000,10%,0.10286,0.1052,2,600,0.6,True,True,False,0.4,0.025118400000792462,9,aware skewed +/-30%
LDPC,1000,10%,0.10286,0.1052,3,600,0.6,True,True,False,0.4,0.022684399998979643,9,aware skewed +/-30%
LDPC,1000,10%,0.10286,0.1052,4,600,0.6,True,True,False,0.4,0.014218000000255415,4,aware skewed +/-30%
LDPC,1000,10%,0.10286,0.1052,5,600,0.6,True,True,False,0.4,0.06803260000015143,31,aware skewed +/-30%
LDPC,1000,10%,0.10286,0.1052,6,600,0.6,True,True,False,0.4,0.022374199998012045,8,aware skewed +/-30%
LDPC,1000,10%,0.10286,0.1052,7,600,0.6,True,True,False,0.4,0.022964499999943655,6,aware skewed +/-30%
LDPC,1000,10%,0.10286,0.1052,8,600,0.6,True,True,False,0.4,0.05836500000077649,19,aware skewed +/-30%
LDPC,1000,10%,0.10286,0.1052,9,600,0.6,True,True,False,0.4,0.040462400000251364,13,aware skewed +/-30%
LDPC,1000,10%,0.10286,0.1052,10,600,0.6,True,True,False,0.4,0.022111000002041692,7,aware skewed +/-30%
LDPC,1000,10%,0.10286,0.1052,11,600,0.6,True,True,False,0.4,0.025033800000528572,7,aware skewed +/-30%
LDPC,1000,10%,0.10286,0.1052,12,600,0.6,True,True,False,0.4,0.020824999999604188,6,aware skewed +/-30%
LDPC,1000,10%,0.10286,0.1052,13,600,0.6,True,True,False,0.4,0.01720519999798853,5,aware skewed +/-30%
LDPC,1000,10%,0.10286,0.1052,14,600,0.6,True,True,False,0.4,0.02786740000010468,8,aware skewed +/-30%
LDPC,1000,10%,0.10286,0.1052,15,600,0.6,True,True,False,0.4,0.05743290000100387,22,aware skewed +/-30%
LDPC,1000,10%,0.10286,0.1052,16,600,0.6,True,True,False,0.4,0.019526299998688046,6,aware skewed +/-30%
LDPC,1000,10%,0.10286,0.1052,17,600,0.6,True,True,False,0.4,0.02561769999738317,8,aware skewed +/-30%
LDPC,1000,10%,0.10286,0.1052,18,600,0.6,True,True,False,0.4,0.03724820000206819,14,aware skewed +/-30%
LDPC,1000,10%,0.10286,0.1052,19,600,0.6,True,True,False,0.4,0.04669559999820194,19,aware skewed +/-30%
LDPC,1000,10%,0.10286,0.1052,20,600,0.6,True,True,False,0.4,0.0763318999997864,31,aware skewed +/-30%
LDPC,1000,10%,0.10286,0.1052,21,600,0.6,True,True,False,0.4,0.023844700001063757,9,aware skewed +/-30%
LDPC,1000,10%,0.10286,0.1052,22,600,0.6,True,True,False,0.4,0.032078600001113955,9,aware skewed +/-30%
LDPC,1000,10%,0.10286,0.1052,23,600,0.6,True,True,False,0.4,0.038628599999356084,12,aware skewed +/-30%
LDPC,1000,10%,0.10286,0.1052,24,600,0.6,True,True,False,0.4,0.03486319999865373,12,aware skewed +/-30%
LDPC,1000,10%,0.10286,0.1052,25,600,0.6,True,True,False,0.4,0.02888629999870318,8,aware skewed +/-30%
LDPC,1000,10%,0.10286,0.1052,26,600,0.6,True,True,False,0.4,0.05045240000254125,17,aware skewed +/-30%
LDPC,1000,10%,0.10286,0.1052,27,600,0.6,True,True,False,0.4,0.05003299999953015,18,aware skewed +/-30%
LDPC,1000,10%,0.10286,0.1052,28,600,0.6,True,True,False,0.4,0.04559769999832497,12,aware skewed +/-30%
LDPC,1000,10%,0.10286,0.1052,29,600,0.6,True,True,False,0.4,0.024442500001896406,7,aware skewed +/-30%
LDPC,1000,10%,0.10286,0.1052,30,600,0.6,False,False,False,0.0,0.2796118000005663,120,aware skewed +/-30%
LDPC,1000,10%,0.10286,0.1052,31,600,0.6,False,False,False,0.0,0.25254040000072564,120,aware skewed +/-30%
LDPC,1000,10%,0.10286,0.1052,32,600,0.6,True,True,False,0.4,0.0304126000010001,12,aware skewed +/-30%
LDPC,1000,10%,0.10286,0.1052,33,600,0.6,True,True,False,0.4,0.03450249999877997,12,aware skewed +/-30%
LDPC,1000,10%,0.10286,0.1052,34,600,0.6,True,True,False,0.4,0.04220580000037444,17,aware skewed +/-30%
LDPC,1000,10%,0.10286,0.1052,35,600,0.6,True,True,False,0.4,0.03675479999947129,16,aware skewed +/-30%
LDPC,1000,10%,0.10286,0.1052,36,600,0.6,True,True,False,0.4,0.030639199998404365,10,aware skewed +/-30%
LDPC,1000,10%,0.10286,0.1052,37,600,0.6,True,True,False,0.4,0.03323339999769814,13,aware skewed +/-30%
LDPC,1000,10%,0.10286,0.1052,38,600,0.6,False,False,False,0.0,0.2509749000018928,120,aware skewed +/-30%
LDPC,1000,10%,0.10286,0.1052,39,600,0.6,True,True,False,0.4,0.020738499999424675,7,aware skewed +/-30%
LDPC,1000,10%,0.10286,0.1052,0,600,0.6,True,True,False,0.4,0.025723299997480353,9,aware skewed -/+30%
LDPC,1000,10%,0.10286,0.1052,1,600,0.6,True,True,False,0.4,0.04743919999964419,21,aware skewed -/+30%
LDPC,1000,10%,0.10286,0.1052,2,600,0.6,True,True,False,0.4,0.021844300001248484,8,aware skewed -/+30%
LDPC,1000,10%,0.10286,0.1052,3,600,0.6,True,True,False,0.4,0.02624199999991106,9,aware skewed -/+30%
LDPC,1000,10%,0.10286,0.1052,4,600,0.6,True,True,False,0.4,0.019693900001584552,6,aware skewed -/+30%
LDPC,1000,10%,0.10286,0.1052,5,600,0.6,True,True,False,0.4,0.03509190000113449,15,aware skewed -/+30%
LDPC,1000,10%,0.10286,0.1052,6,600,0.6,True,True,False,0.4,0.024897499999497086,9,aware skewed -/+30%
LDPC,1000,10%,0.10286,0.1052,7,600,0.6,True,True,False,0.4,0.01719519999824115,6,aware skewed -/+30%
LDPC,1000,10%,0.10286,0.1052,8,600,0.6,True,True,False,0.4,0.09365550000075018,46,aware skewed -/+30%
LDPC,1000,10%,0.10286,0.1052,9,600,0.6,True,True,False,0.4,0.025253200001316145,10,aware skewed -/+30%
LDPC,1000,10%,0.10286,0.1052,10,600,0.6,True,True,False,0.4,0.02153300000281888,8,aware skewed -/+30%
LDPC,1000,10%,0.10286,0.1052,11,600,0.6,True,True,False,0.4,0.018858499999623746,6,aware skewed -/+30%
LDPC,1000,10%,0.10286,0.1052,12,600,0.6,True,True,False,0.4,0.018936299999040784,7,aware skewed -/+30%
LDPC,1000,10%,0.10286,0.1052,13,600,0.6,True,True,False,0.4,0.01802989999850979,6,aware skewed -/+30%
LDPC,1000,10%,0.10286,0.1052,14,600,0.6,True,True,False,0.4,0.023031799999444047,9,aware skewed -/+30%
LDPC,1000,10%,0.10286,0.1052,15,600,0.6,True,True,False,0.4,0.04284099999858881,18,aware skewed -/+30%
LDPC,1000,10%,0.10286,0.1052,16,600,0.6,True,True,False,0.4,0.02009890000044834,6,aware skewed -/+30%
LDPC,1000,10%,0.10286,0.1052,17,600,0.6,True,True,False,0.4,0.016499199999088887,5,aware skewed -/+30%
LDPC,1000,10%,0.10286,0.1052,18,600,0.6,True,True,False,0.4,0.03461480000260053,15,aware skewed -/+30%
LDPC,1000,10%,0.10286,0.1052,19,600,0.6,True,True,False,0.4,0.059503200001927326,26,aware skewed -/+30%
LDPC,1000,10%,0.10286,0.1052,20,600,0.6,True,True,False,0.4,0.12674540000080015,64,aware skewed -/+30%
LDPC,1000,10%,0.10286,0.1052,21,600,0.6,True,True,False,0.4,0.02369170000019949,8,aware skewed -/+30%
LDPC,1000,10%,0.10286,0.1052,22,600,0.6,True,True,False,0.4,0.02206849999856786,8,aware skewed -/+30%
LDPC,1000,10%,0.10286,0.1052,23,600,0.6,True,True,False,0.4,0.036235399998986395,15,aware skewed -/+30%
LDPC,1000,10%,0.10286,0.1052,24,600,0.6,True,True,False,0.4,0.032601699997030664,13,aware skewed -/+30%
LDPC,1000,10%,0.10286,0.1052,25,600,0.6,True,True,False,0.4,0.025990600002842257,9,aware skewed -/+30%
LDPC,1000,10%,0.10286,0.1052,26,600,0.6,True,True,False,0.4,0.03306900000097812,12,aware skewed -/+30%
LDPC,1000,10%,0.10286,0.1052,27,600,0.6,True,True,False,0.4,0.03215520000230754,11,aware skewed -/+30%
LDPC,1000,10%,0.10286,0.1052,28,600,0.6,True,True,False,0.4,0.02864120000231196,9,aware skewed -/+30%
LDPC,1000,10%,0.10286,0.1052,29,600,0.6,True,True,False,0.4,0.021696499999961816,7,aware skewed -/+30%
LDPC,1000,10%,0.10286,0.1052,30,600,0.6,False,False,False,0.0,0.2682898999992176,120,aware skewed -/+30%
LDPC,1000,10%,0.10286,0.1052,31,600,0.6,False,False,False,0.0,0.259568000001309,120,aware skewed -/+30%
LDPC,1000,10%,0.10286,0.1052,32,600,0.6,True,True,False,0.4,0.02758489999905578,11,aware skewed -/+30%
LDPC,1000,10%,0.10286,0.1052,33,600,0.6,True,True,False,0.4,0.03191570000126376,12,aware skewed -/+30%
LDPC,1000,10%,0.10286,0.1052,34,600,0.6,True,True,False,0.4,0.033058299999538576,12,aware skewed -/+30%
LDPC,1000,10%,0.10286,0.1052,35,600,0.6,True,True,False,0.4,0.04380769999988843,18,aware skewed -/+30%
LDPC,1000,10%,0.10286,0.1052,36,600,0.6,True,True,False,0.4,0.027390399998694193,10,aware skewed -/+30%
LDPC,1000,10%,0.10286,0.1052,37,600,0.6,True,True,False,0.4,0.03738349999912316,14,aware skewed -/+30%
LDPC,1000,10%,0.10286,0.1052,38,600,0.6,True,True,False,0.4,0.078195300000516,34,aware skewed -/+30%
LDPC,1000,10%,0.10286,0.1052,39,600,0.6,True,True,False,0.4,0.022117399999842746,8,aware skewed -/+30%
LDPC,1000,10%,0.10286,0.1052,0,600,0.6,False,False,False,0.0,0.24930880000101752,120,SWAPPED (neg. control)
LDPC,1000,10%,0.10286,0.1052,1,600,0.6,False,False,False,0.0,0.2505329999985406,120,SWAPPED (neg. control)
LDPC,1000,10%,0.10286,0.1052,2,600,0.6,False,False,False,0.0,0.234596700000111,120,SWAPPED (neg. control)
LDPC,1000,10%,0.10286,0.1052,3,600,0.6,False,False,False,0.0,0.24990319999778876,120,SWAPPED (neg. control)
LDPC,1000,10%,0.10286,0.1052,4,600,0.6,True,True,False,0.4,0.0704900999990059,32,SWAPPED (neg. control)
LDPC,1000,10%,0.10286,0.1052,5,600,0.6,False,False,False,0.0,0.27930710000146064,120,SWAPPED (neg. control)
LDPC,1000,10%,0.10286,0.1052,6,600,0.6,False,False,False,0.0,0.24714680000033695,120,SWAPPED (neg. control)
LDPC,1000,10%,0.10286,0.1052,7,600,0.6,False,False,False,0.0,0.2811519999995653,120,SWAPPED (neg. control)
LDPC,1000,10%,0.10286,0.1052,8,600,0.6,False,False,False,0.0,0.2766360000023269,120,SWAPPED (neg. control)
LDPC,1000,10%,0.10286,0.1052,9,600,0.6,False,False,False,0.0,0.26105469999674824,120,SWAPPED (neg. control)
LDPC,1000,10%,0.10286,0.1052,10,600,0.6,False,False,False,0.0,0.24922180000066874,120,SWAPPED (neg. control)
LDPC,1000,10%,0.10286,0.1052,11,600,0.6,False,False,False,0.0,0.2597057999992103,120,SWAPPED (neg. control)
LDPC,1000,10%,0.10286,0.1052,12,600,0.6,False,False,False,0.0,0.23540710000088438,120,SWAPPED (neg. control)
LDPC,1000,10%,0.10286,0.1052,13,600,0.6,False,False,False,0.0,0.2514369999989867,120,SWAPPED (neg. control)
LDPC,1000,10%,0.10286,0.1052,14,600,0.6,False,False,False,0.0,0.23325349999868195,120,SWAPPED (neg. control)
LDPC,1000,10%,0.10286,0.1052,15,600,0.6,False,False,False,0.0,0.2457366999988153,120,SWAPPED (neg. control)
LDPC,1000,10%,0.10286,0.1052,16,600,0.6,False,False,False,0.0,0.2669806999983848,120,SWAPPED (neg. control)
LDPC,1000,10%,0.10286,0.1052,17,600,0.6,False,False,False,0.0,0.2524785999994492,120,SWAPPED (neg. control)
LDPC,1000,10%,0.10286,0.1052,18,600,0.6,False,False,False,0.0,0.22900769999978365,120,SWAPPED (neg. control)
LDPC,1000,10%,0.10286,0.1052,19,600,0.6,False,False,False,0.0,0.23972779999894556,120,SWAPPED (neg. control)
LDPC,1000,10%,0.10286,0.1052,20,600,0.6,False,False,False,0.0,0.24269460000141407,120,SWAPPED (neg. control)
LDPC,1000,10%,0.10286,0.1052,21,600,0.6,False,False,False,0.0,0.23170789999858243,120,SWAPPED (neg. control)
LDPC,1000,10%,0.10286,0.1052,22,600,0.6,False,False,False,0.0,0.2343658999998297,120,SWAPPED (neg. control)
LDPC,1000,10%,0.10286,0.1052,23,600,0.6,False,False,False,0.0,0.23038590000214754,120,SWAPPED (neg. control)
LDPC,1000,10%,0.10286,0.1052,24,600,0.6,False,False,False,0.0,0.22432359999947948,120,SWAPPED (neg. control)
LDPC,1000,10%,0.10286,0.1052,25,600,0.6,False,False,False,0.0,0.262287199999264,120,SWAPPED (neg. control)
LDPC,1000,10%,0.10286,0.1052,26,600,0.6,False,False,False,0.0,0.255713000002288,120,SWAPPED (neg. control)
LDPC,1000,10%,0.10286,0.1052,27,600,0.6,False,False,False,0.0,0.2507121000016923,120,SWAPPED (neg. control)
LDPC,1000,10%,0.10286,0.1052,28,600,0.6,False,False,False,0.0,0.2643147999988287,120,SWAPPED (neg. control)
LDPC,1000,10%,0.10286,0.1052,29,600,0.6,False,False,False,0.0,0.2401806999987457,120,SWAPPED (neg. control)
LDPC,1000,10%,0.10286,0.1052,30,600,0.6,False,False,False,0.0,0.24949349999951664,120,SWAPPED (neg. control)
LDPC,1000,10%,0.10286,0.1052,31,600,0.6,False,False,False,0.0,0.23592099999950733,120,SWAPPED (neg. control)
LDPC,1000,10%,0.10286,0.1052,32,600,0.6,False,False,False,0.0,0.25313200000164215,120,SWAPPED (neg. control)
LDPC,1000,10%,0.10286,0.1052,33,600,0.6,False,False,False,0.0,0.23813169999993988,120,SWAPPED (neg. control)
LDPC,1000,10%,0.10286,0.1052,34,600,0.6,False,False,False,0.0,0.2616119999984221,120,SWAPPED (neg. control)
LDPC,1000,10%,0.10286,0.1052,35,600,0.6,False,False,False,0.0,0.24688000000242027,120,SWAPPED (neg. control)
LDPC,1000,10%,0.10286,0.1052,36,600,0.6,False,False,False,0.0,0.25257350000174483,120,SWAPPED (neg. control)
LDPC,1000,10%,0.10286,0.1052,37,600,0.6,False,False,False,0.0,0.24214390000270214,120,SWAPPED (neg. control)
LDPC,1000,10%,0.10286,0.1052,38,600,0.6,False,False,False,0.0,0.2476275999979407,120,SWAPPED (neg. control)
LDPC,1000,10%,0.10286,0.1052,39,600,0.6,False,False,False,0.0,0.2299228999982006,120,SWAPPED (neg. control)
