method,n,qber_label,p_true,p_est,trial,leaked_bits,syndrome_rate,claimed_success,correct,undetected_error,net_key_fraction,time_s,work_units,variant,scheme
LDPC,1000,6%,0.060783548093192766,0.06686291000841042,0,500,0.5,True,True,False,0.5,0.03843520000009448,9,uniform,baseline
LDPC,1000,6%,0.060783548093192766,0.06686291000841042,0,500,0.5,True,True,False,0.5,0.018602199997985736,7,aware-same-rate,baseline
LDPC,1000,6%,0.060783548093192766,0.06686291000841042,0,500,0.5,True,True,False,0.5,0.02018089999910444,7,aware-pipeline,baseline
LDPC,1000,6%,0.060783548093192766,0.06686291000841042,1,500,0.5,True,True,False,0.5,0.02338880000024801,8,uniform,baseline
LDPC,1000,6%,0.060783548093192766,0.06686291000841042,1,500,0.5,True,True,False,0.5,0.018914500000391854,8,aware-same-rate,baseline
LDPC,1000,6%,0.060783548093192766,0.06686291000841042,1,500,0.5,True,True,False,0.5,0.02131030000236933,8,aware-pipeline,baseline
LDPC,1000,6%,0.060783548093192766,0.06686291000841042,2,500,0.5,True,True,False,0.5,0.0195536000028369,7,uniform,baseline
LDPC,1000,6%,0.060783548093192766,0.06686291000841042,2,500,0.5,True,True,False,0.5,0.017229900000529597,6,aware-same-rate,baseline
LDPC,1000,6%,0.060783548093192766,0.06686291000841042,2,500,0.5,True,True,False,0.5,0.019009200001164572,6,aware-pipeline,baseline
LDPC,1000,6%,0.060783548093192766,0.06686291000841042,3,500,0.5,True,True,False,0.5,0.03402769999956945,13,uniform,baseline
LDPC,1000,6%,0.060783548093192766,0.06686291000841042,3,500,0.5,True,True,False,0.5,0.020602800002961885,7,aware-same-rate,baseline
LDPC,1000,6%,0.060783548093192766,0.06686291000841042,3,500,0.5,True,True,False,0.5,0.020769599999766797,7,aware-pipeline,baseline
LDPC,1000,6%,0.060783548093192766,0.06686291000841042,4,500,0.5,True,True,False,0.5,0.028151700000307756,9,uniform,baseline
LDPC,1000,6%,0.060783548093192766,0.06686291000841042,4,500,0.5,True,True,False,0.5,0.027474200000142446,9,aware-same-rate,baseline
LDPC,1000,6%,0.060783548093192766,0.06686291000841042,4,500,0.5,True,True,False,0.5,0.022562199999811128,9,aware-pipeline,baseline
LDPC,1000,6%,0.060783548093192766,0.06686291000841042,5,500,0.5,True,True,False,0.5,0.02448299999741721,9,uniform,baseline
LDPC,1000,6%,0.060783548093192766,0.06686291000841042,5,500,0.5,True,True,False,0.5,0.01558160000058706,5,aware-same-rate,baseline
LDPC,1000,6%,0.060783548093192766,0.06686291000841042,5,500,0.5,True,True,False,0.5,0.01602459999776329,5,aware-pipeline,baseline
LDPC,1000,6%,0.060783548093192766,0.06686291000841042,6,500,0.5,True,True,False,0.5,0.03149979999943753,10,uniform,baseline
LDPC,1000,6%,0.060783548093192766,0.06686291000841042,6,500,0.5,True,True,False,0.5,0.020552699999825563,8,aware-same-rate,baseline
LDPC,1000,6%,0.060783548093192766,0.06686291000841042,6,500,0.5,True,True,False,0.5,0.019805399999313522,8,aware-pipeline,baseline
LDPC,1000,6%,0.060783548093192766,0.06686291000841042,7,500,0.5,True,True,False,0.5,0.027955499997915467,12,uniform,baseline
LDPC,1000,6%,0.060783548093192766,0.06686291000841042,7,500,0.5,True,True,False,0.5,0.020107799999095732,7,aware-same-rate,baseline
LDPC,1000,6%,0.060783548093192766,0.06686291000841042,7,500,0.5,True,True,False,0.5,0.018232399997941684,7,aware-pipeline,baseline
LDPC,1000,6%,0.060783548093192766,0.06686291000841042,8,500,0.5,True,True,False,0.5,0.018551299999671755,6,uniform,baseline
LDPC,1000,6%,0.060783548093192766,0.06686291000841042,8,500,0.5,True,True,False,0.5,0.015684300000430085,6,aware-same-rate,baseline
LDPC,1000,6%,0.060783548093192766,0.06686291000841042,8,500,0.5,True,True,False,0.5,0.01927879999857396,6,aware-pipeline,baseline
LDPC,1000,6%,0.060783548093192766,0.06686291000841042,9,500,0.5,True,True,False,0.5,0.031159300000581425,12,uniform,baseline
LDPC,1000,6%,0.060783548093192766,0.06686291000841042,9,500,0.5,True,True,False,0.5,0.025729699998919386,10,aware-same-rate,baseline
LDPC,1000,6%,0.060783548093192766,0.06686291000841042,9,500,0.5,True,True,False,0.5,0.022080900002038106,10,aware-pipeline,baseline
LDPC,1000,6%,0.060783548093192766,0.06686291000841042,10,500,0.5,True,True,False,0.5,0.021268999997118954,9,uniform,baseline
LDPC,1000,6%,0.060783548093192766,0.06686291000841042,10,500,0.5,True,True,False,0.5,0.01701099999991129,7,aware-same-rate,baseline
LDPC,1000,6%,0.060783548093192766,0.06686291000841042,10,500,0.5,True,True,False,0.5,0.018168599999626167,7,aware-pipeline,baseline
LDPC,1000,6%,0.060783548093192766,0.06686291000841042,11,500,0.5,True,True,False,0.5,0.025441699999646517,12,uniform,baseline
LDPC,1000,6%,0.060783548093192766,0.06686291000841042,11,500,0.5,True,True,False,0.5,0.021149800002604024,8,aware-same-rate,baseline
LDPC,1000,6%,0.060783548093192766,0.06686291000841042,11,500,0.5,True,True,False,0.5,0.018684400001802715,8,aware-pipeline,baseline
LDPC,1000,6%,0.060783548093192766,0.06686291000841042,12,500,0.5,True,True,False,0.5,0.028719699999783188,11,uniform,baseline
LDPC,1000,6%,0.060783548093192766,0.06686291000841042,12,500,0.5,True,True,False,0.5,0.01858209999772953,8,aware-same-rate,baseline
LDPC,1000,6%,0.060783548093192766,0.06686291000841042,12,500,0.5,True,True,False,0.5,0.019110400000499794,8,aware-pipeline,baseline
LDPC,1000,6%,0.060783548093192766,0.06686291000841042,13,500,0.5,True,True,False,0.5,0.009475099999690428,3,uniform,baseline
LDPC,1000,6%,0.060783548093192766,0.06686291000841042,13,500,0.5,True,True,False,0.5,0.012003600000753067,4,aware-same-rate,baseline
LDPC,1000,6%,0.060783548093192766,0.06686291000841042,13,500,0.5,True,True,False,0.5,0.014217699997971067,4,aware-pipeline,baseline
LDPC,1000,6%,0.060783548093192766,0.06686291000841042,14,500,0.5,True,True,False,0.5,0.0158938999993552,6,uniform,baseline
LDPC,1000,6%,0.060783548093192766,0.06686291000841042,14,500,0.5,True,True,False,0.5,0.014854900000500493,5,aware-same-rate,baseline
LDPC,1000,6%,0.060783548093192766,0.06686291000841042,14,500,0.5,True,True,False,0.5,0.013770500001555774,5,aware-pipeline,baseline
LDPC,1000,6%,0.060783548093192766,0.06686291000841042,15,500,0.5,True,True,False,0.5,0.01816569999937201,7,uniform,baseline
LDPC,1000,6%,0.060783548093192766,0.06686291000841042,15,500,0.5,True,True,False,0.5,0.01562719999856199,6,aware-same-rate,baseline
LDPC,1000,6%,0.060783548093192766,0.06686291000841042,15,500,0.5,True,True,False,0.5,0.0158889000013005,6,aware-pipeline,baseline
LDPC,1000,6%,0.060783548093192766,0.06686291000841042,16,500,0.5,True,True,False,0.5,0.018519499997637467,6,uniform,baseline
LDPC,1000,6%,0.060783548093192766,0.06686291000841042,16,500,0.5,True,True,False,0.5,0.018800800000462914,5,aware-same-rate,baseline
LDPC,1000,6%,0.060783548093192766,0.06686291000841042,16,500,0.5,True,True,False,0.5,0.0178583000015351,5,aware-pipeline,baseline
LDPC,1000,6%,0.060783548093192766,0.06686291000841042,17,500,0.5,True,True,False,0.5,0.017375899999024114,5,uniform,baseline
LDPC,1000,6%,0.060783548093192766,0.06686291000841042,17,500,0.5,True,True,False,0.5,0.019807699998636963,5,aware-same-rate,baseline
LDPC,1000,6%,0.060783548093192766,0.06686291000841042,17,500,0.5,True,True,False,0.5,0.015509900000324706,5,aware-pipeline,baseline
LDPC,1000,6%,0.060783548093192766,0.06686291000841042,18,500,0.5,True,True,False,0.5,0.021866200000658864,8,uniform,baseline
LDPC,1000,6%,0.060783548093192766,0.06686291000841042,18,500,0.5,True,True,False,0.5,0.025006100000609877,6,aware-same-rate,baseline
LDPC,1000,6%,0.060783548093192766,0.06686291000841042,18,500,0.5,True,True,False,0.5,0.02430070000264095,6,aware-pipeline,baseline
LDPC,1000,6%,0.060783548093192766,0.06686291000841042,19,500,0.5,True,True,False,0.5,0.02661690000240924,9,uniform,baseline
LDPC,1000,6%,0.060783548093192766,0.06686291000841042,19,500,0.5,True,True,False,0.5,0.02598790000047302,7,aware-same-rate,baseline
LDPC,1000,6%,0.060783548093192766,0.06686291000841042,19,500,0.5,True,True,False,0.5,0.0277033999991545,7,aware-pipeline,baseline
LDPC,1000,10%,0.09644930010242403,0.09983429991714995,0,600,0.6,True,True,False,0.4,0.03237500000250293,11,uniform,baseline
LDPC,1000,10%,0.09644930010242403,0.09983429991714995,0,600,0.6,True,True,False,0.4,0.03244510000149603,10,aware-same-rate,baseline
LDPC,1000,10%,0.09644930010242403,0.09983429991714995,0,600,0.6,True,True,False,0.4,0.031684300000051735,10,aware-pipeline,baseline
LDPC,1000,10%,0.09644930010242403,0.09983429991714995,1,600,0.6,True,True,False,0.4,0.026528999998845393,10,uniform,baseline
LDPC,1000,10%,0.09644930010242403,0.09983429991714995,1,600,0.6,True,True,False,0.4,0.02122560000134399,7,aware-same-rate,baseline
LDPC,1000,10%,0.09644930010242403,0.09983429991714995,1,600,0.6,True,True,False,0.4,0.02322650000132853,7,aware-pipeline,baseline
LDPC,1000,10%,0.09644930010242403,0.09983429991714995,2,600,0.6,True,True,False,0.4,0.04898040000261972,17,uniform,baseline
LDPC,1000,10%,0.09644930010242403,0.09983429991714995,2,600,0.6,True,True,False,0.4,0.03418460000102641,11,aware-same-rate,baseline
LDPC,1000,10%,0.09644930010242403,0.09983429991714995,2,600,0.6,True,True,False,0.4,0.03137439999773051,11,aware-pipeline,baseline
LDPC,1000,10%,0.09644930010242403,0.09983429991714995,3,600,0.6,True,True,False,0.4,0.040479499999491964,15,uniform,baseline
LDPC,1000,10%,0.09644930010242403,0.09983429991714995,3,600,0.6,True,True,False,0.4,0.02364060000036261,8,aware-same-rate,baseline
LDPC,1000,10%,0.09644930010242403,0.09983429991714995,3,600,0.6,True,True,False,0.4,0.024343799999769544,8,aware-pipeline,baseline
LDPC,1000,10%,0.09644930010242403,0.09983429991714995,4,600,0.6,True,True,False,0.4,0.07270939999943948,33,uniform,baseline
LDPC,1000,10%,0.09644930010242403,0.09983429991714995,4,600,0.6,True,True,False,0.4,0.03922430000238819,17,aware-same-rate,baseline
LDPC,1000,10%,0.09644930010242403,0.09983429991714995,4,600,0.6,True,True,False,0.4,0.03884759999709786,17,aware-pipeline,baseline
LDPC,1000,10%,0.09644930010242403,0.09983429991714995,5,600,0.6,True,True,False,0.4,0.026891099998465506,10,uniform,baseline
LDPC,1000,10%,0.09644930010242403,0.09983429991714995,5,600,0.6,True,True,False,0.4,0.025310699998954078,8,aware-same-rate,baseline
LDPC,1000,10%,0.09644930010242403,0.09983429991714995,5,600,0.6,True,True,False,0.4,0.023043600001983577,8,aware-pipeline,baseline
LDPC,1000,10%,0.09644930010242403,0.09983429991714995,6,600,0.6,True,True,False,0.4,0.0370349000004353,16,uniform,baseline
LDPC,1000,10%,0.09644930010242403,0.09983429991714995,6,600,0.6,True,True,False,0.4,0.03874540000106208,12,aware-same-rate,baseline
LDPC,1000,10%,0.09644930010242403,0.09983429991714995,6,600,0.6,True,True,False,0.4,0.0393021999989287,12,aware-pipeline,baseline
LDPC,1000,10%,0.09644930010242403,0.09983429991714995,7,600,0.6,True,True,False,0.4,0.13386800000080257,31,uniform,baseline
LDPC,1000,10%,0.09644930010242403,0.09983429991714995,7,600,0.6,True,True,False,0.4,0.05952080000133719,9,aware-same-rate,baseline
LDPC,1000,10%,0.09644930010242403,0.09983429991714995,7,600,0.6,True,True,False,0.4,0.08058520000122371,9,aware-pipeline,baseline
LDPC,1000,10%,0.09644930010242403,0.09983429991714995,8,600,0.6,True,True,False,0.4,0.07244509999873117,11,uniform,baseline
LDPC,1000,10%,0.09644930010242403,0.09983429991714995,8,600,0.6,True,True,False,0.4,0.11285739999948419,9,aware-same-rate,baseline
LDPC,1000,10%,0.09644930010242403,0.09983429991714995,8,600,0.6,True,True,False,0.4,0.06367039999895496,9,aware-pipeline,baseline
LDPC,1000,10%,0.09644930010242403,0.09983429991714995,9,600,0.6,True,True,False,0.4,0.03501419999884092,9,uniform,baseline
LDPC,1000,10%,0.09644930010242403,0.09983429991714995,9,600,0.6,True,True,False,0.4,0.03837810000186437,9,aware-same-rate,baseline
LDPC,1000,10%,0.09644930010242403,0.09983429991714995,9,600,0.6,True,True,False,0.4,0.04308790000141016,9,aware-pipeline,baseline
LDPC,1000,10%,0.09644930010242403,0.09983429991714995,10,600,0.6,True,True,False,0.4,0.09110559999680845,15,uniform,baseline
LDPC,1000,10%,0.09644930010242403,0.09983429991714995,10,600,0.6,True,True,False,0.4,0.08547470000121393,28,aware-same-rate,baseline
LDPC,1000,10%,0.09644930010242403,0.09983429991714995,10,600,0.6,True,True,False,0.4,0.09567819999938365,28,aware-pipeline,baseline
LDPC,1000,10%,0.09644930010242403,0.09983429991714995,11,600,0.6,True,True,False,0.4,0.03834579999966081,13,uniform,baseline
LDPC,1000,10%,0.09644930010242403,0.09983429991714995,11,600,0.6,True,True,False,0.4,0.03558970000085537,10,aware-same-rate,baseline
LDPC,1000,10%,0.09644930010242403,0.09983429991714995,11,600,0.6,True,True,False,0.4,0.031340699999418575,10,aware-pipeline,baseline
LDPC,1000,10%,0.09644930010242403,0.09983429991714995,12,600,0.6,True,True,False,0.4,0.04030330000023241,15,uniform,baseline
LDPC,1000,10%,0.09644930010242403,0.09983429991714995,12,600,0.6,True,True,False,0.4,0.030383099998289254,11,aware-same-rate,baseline
LDPC,1000,10%,0.09644930010242403,0.09983429991714995,12,600,0.6,True,True,False,0.4,0.032896999997319654,11,aware-pipeline,baseline
LDPC,1000,10%,0.09644930010242403,0.09983429991714995,13,600,0.6,True,True,False,0.4,0.03228460000173072,11,uniform,baseline
LDPC,1000,10%,0.09644930010242403,0.09983429991714995,13,600,0.6,True,True,False,0.4,0.021380000001954613,8,aware-same-rate,baseline
LDPC,1000,10%,0.09644930010242403,0.09983429991714995,13,600,0.6,True,True,False,0.4,0.021788799997011665,8,aware-pipeline,baseline
LDPC,1000,10%,0.09644930010242403,0.09983429991714995,14,600,0.6,True,True,False,0.4,0.024823399999149842,10,uniform,baseline
LDPC,1000,10%,0.09644930010242403,0.09983429991714995,14,600,0.6,True,True,False,0.4,0.020709799999167444,7,aware-same-rate,baseline
LDPC,1000,10%,0.09644930010242403,0.09983429991714995,14,600,0.6,True,True,False,0.4,0.022230900001886766,7,aware-pipeline,baseline
LDPC,1000,10%,0.09644930010242403,0.09983429991714995,15,600,0.6,True,True,False,0.4,0.029215700000349898,11,uniform,baseline
LDPC,1000,10%,0.09644930010242403,0.09983429991714995,15,600,0.6,True,True,False,0.4,0.02852060000077472,9,aware-same-rate,baseline
LDPC,1000,10%,0.09644930010242403,0.09983429991714995,15,600,0.6,True,True,False,0.4,0.030535899997630622,9,aware-pipeline,baseline
LDPC,1000,10%,0.09644930010242403,0.09983429991714995,16,600,0.6,True,True,False,0.4,0.16230480000012903,78,uniform,baseline
LDPC,1000,10%,0.09644930010242403,0.09983429991714995,16,600,0.6,False,False,False,0.0,0.2326974000025075,120,aware-same-rate,baseline
LDPC,1000,10%,0.09644930010242403,0.09983429991714995,16,600,0.6,False,False,False,0.0,0.23375579999992624,120,aware-pipeline,baseline
LDPC,1000,10%,0.09644930010242403,0.09983429991714995,17,600,0.6,True,True,False,0.4,0.033576400001038564,15,uniform,baseline
LDPC,1000,10%,0.09644930010242403,0.09983429991714995,17,600,0.6,True,True,False,0.4,0.026000600002589636,11,aware-same-rate,baseline
LDPC,1000,10%,0.09644930010242403,0.09983429991714995,17,600,0.6,True,True,False,0.4,0.033070599998609396,11,aware-pipeline,baseline
LDPC,1000,10%,0.09644930010242403,0.09983429991714995,18,600,0.6,True,True,False,0.4,0.03315370000200346,12,uniform,baseline
LDPC,1000,10%,0.09644930010242403,0.09983429991714995,18,600,0.6,True,True,False,0.4,0.019889399998646695,6,aware-same-rate,baseline
LDPC,1000,10%,0.09644930010242403,0.09983429991714995,18,600,0.6,True,True,False,0.4,0.016671200002747355,6,aware-pipeline,baseline
LDPC,1000,10%,0.09644930010242403,0.09983429991714995,19,600,0.6,True,True,False,0.4,0.027388299997255672,10,uniform,baseline
LDPC,1000,10%,0.09644930010242403,0.09983429991714995,19,600,0.6,True,True,False,0.4,0.026148100001591956,8,aware-same-rate,baseline
LDPC,1000,10%,0.09644930010242403,0.09983429991714995,19,600,0.6,True,True,False,0.4,0.025330200001917547,8,aware-pipeline,baseline
LDPC,1000,10%,0.09644930010242403,0.09983429991714995,20,600,0.6,True,True,False,0.4,0.02782660000229953,10,uniform,baseline
LDPC,1000,10%,0.09644930010242403,0.09983429991714995,20,600,0.6,True,True,False,0.4,0.022460600001068087,8,aware-same-rate,baseline
LDPC,1000,10%,0.09644930010242403,0.09983429991714995,20,600,0.6,True,True,False,0.4,0.022807199999078875,8,aware-pipeline,baseline
LDPC,1000,6%,0.06617710212144637,0.06705539358600583,0,500,0.5,True,True,False,0.5,0.03096969999751309,14,uniform,A
LDPC,1000,6%,0.06617710212144637,0.06705539358600583,0,500,0.5,True,True,False,0.5,0.028294200001255376,11,aware-same-rate,A
LDPC,1000,6%,0.06617710212144637,0.06705539358600583,0,500,0.5,True,True,False,0.5,0.025880000001052395,11,aware-pipeline,A
LDPC,1000,6%,0.06617710212144637,0.06705539358600583,1,500,0.5,True,True,False,0.5,0.02220590000069933,9,uniform,A
LDPC,1000,6%,0.06617710212144637,0.06705539358600583,1,500,0.5,True,True,False,0.5,0.021240099998976802,9,aware-same-rate,A
LDPC,1000,6%,0.06617710212144637,0.06705539358600583,1,500,0.5,True,True,False,0.5,0.02248400000098627,9,aware-pipeline,A
LDPC,1000,6%,0.06617710212144637,0.06705539358600583,2,500,0.5,True,True,False,0.5,0.01691700000083074,7,uniform,A
LDPC,1000,6%,0.06617710212144637,0.06705539358600583,2,500,0.5,True,True,False,0.5,0.01608699999997043,6,aware-same-rate,A
LDPC,1000,6%,0.06617710212144637,0.06705539358600583,2,500,0.5,True,True,False,0.5,0.01892280000174651,6,aware-pipeline,A
LDPC,1000,6%,0.06617710212144637,0.06705539358600583,3,500,0.5,True,True,False,0.5,0.018117900002835086,8,uniform,A
LDPC,1000,6%,0.06617710212144637,0.06705539358600583,3,500,0.5,True,True,False,0.5,0.02036470000166446,8,aware-same-rate,A
LDPC,1000,6%,0.06617710212144637,0.06705539358600583,3,500,0.5,True,True,False,0.5,0.018447600003128173,8,aware-pipeline,A
LDPC,1000,6%,0.06617710212144637,0.06705539358600583,4,500,0.5,True,True,False,0.5,0.032656999999744585,14,uniform,A
LDPC,1000,6%,0.06617710212144637,0.06705539358600583,4,500,0.5,True,True,False,0.5,0.022440000000642613,8,aware-same-rate,A
LDPC,1000,6%,0.06617710212144637,0.06705539358600583,4,500,0.5,True,True,False,0.5,0.019877700000506593,8,aware-pipeline,A
LDPC,1000,6%,0.06617710212144637,0.06705539358600583,5,500,0.5,True,True,False,0.5,0.035853499997756444,17,uniform,A
LDPC,1000,6%,0.06617710212144637,0.06705539358600583,5,500,0.5,True,True,False,0.5,0.02703750000000582,13,aware-same-rate,A
LDPC,1000,6%,0.06617710212144637,0.06705539358600583,5,500,0.5,True,True,False,0.5,0.027965400000539375,13,aware-pipeline,A
LDPC,1000,6%,0.06617710212144637,0.06705539358600583,6,500,0.5,False,False,False,0.0,0.2321315000008326,120,uniform,A
LDPC,1000,6%,0.06617710212144637,0.06705539358600583,6,500,0.5,False,False,False,0.0,0.22286719999829074,120,aware-same-rate,A
LDPC,1000,6%,0.06617710212144637,0.06705539358600583,6,500,0.5,False,False,False,0.0,0.22449759999653907,120,aware-pipeline,A
LDPC,1000,6%,0.06617710212144637,0.06705539358600583,7,500,0.5,True,True,False,0.5,0.01820370000132243,8,uniform,A
LDPC,1000,6%,0.06617710212144637,0.06705539358600583,7,500,0.5,True,True,False,0.5,0.01567079999949783,6,aware-same-rate,A
LDPC,1000,6%,0.06617710212144637,0.06705539358600583,7,500,0.5,True,True,False,0.5,0.015585699999064673,6,aware-pipeline,A
LDPC,1000,6%,0.06617710212144637,0.06705539358600583,8,500,0.5,True,True,False,0.5,0.01685419999921578,7,uniform,A
LDPC,1000,6%,0.06617710212144637,0.06705539358600583,8,500,0.5,True,True,False,0.5,0.0227216999992379,7,aware-same-rate,A
LDPC,1000,6%,0.06617710212144637,0.06705539358600583,8,500,0.5,True,True,False,0.5,0.01829340000040247,7,aware-pipeline,A
LDPC,1000,6%,0.06617710212144637,0.06705539358600583,9,500,0.5,True,True,False,0.5,0.021090000002004672,8,uniform,A
LDPC,1000,6%,0.06617710212144637,0.06705539358600583,9,500,0.5,True,True,False,0.5,0.01743279999936931,7,aware-same-rate,A
LDPC,1000,6%,0.06617710212144637,0.06705539358600583,9,500,0.5,True,True,False,0.5,0.019400799999857554,7,aware-pipeline,A
LDPC,1000,6%,0.06617710212144637,0.06705539358600583,10,500,0.5,False,False,False,0.0,0.2461421000007249,120,uniform,A
LDPC,1000,6%,0.06617710212144637,0.06705539358600583,10,500,0.5,False,False,False,0.0,0.29842160000043805,120,aware-same-rate,A
LDPC,1000,6%,0.06617710212144637,0.06705539358600583,10,500,0.5,False,False,False,0.0,0.2951355000004696,120,aware-pipeline,A
LDPC,1000,6%,0.06617710212144637,0.06705539358600583,11,500,0.5,True,True,False,0.5,0.029599400000734022,10,uniform,A
LDPC,1000,6%,0.06617710212144637,0.06705539358600583,11,500,0.5,True,True,False,0.5,0.03170519999912358,9,aware-same-rate,A
LDPC,1000,6%,0.06617710212144637,0.06705539358600583,11,500,0.5,True,True,False,0.5,0.04123000000254251,9,aware-pipeline,A
LDPC,1000,6%,0.06617710212144637,0.06705539358600583,12,500,0.5,True,True,False,0.5,0.031512200002907775,10,uniform,A
LDPC,1000,6%,0.06617710212144637,0.06705539358600583,12,500,0.5,True,True,False,0.5,0.030086999999184627,10,aware-same-rate,A
LDPC,1000,6%,0.06617710212144637,0.06705539358600583,12,500,0.5,True,True,False,0.5,0.03945029999886174,10,aware-pipeline,A
LDPC,1000,6%,0.06617710212144637,0.06705539358600583,13,500,0.5,True,True,False,0.5,0.041261400001531,10,uniform,A
LDPC,1000,6%,0.06617710212144637,0.06705539358600583,13,500,0.5,True,True,False,0.5,0.036337099998490885,9,aware-same-rate,A
LDPC,1000,6%,0.06617710212144637,0.06705539358600583,13,500,0.5,True,True,False,0.5,0.042122099999687634,9,aware-pipeline,A
LDPC,1000,6%,0.06617710212144637,0.06705539358600583,14,500,0.5,True,True,False,0.5,0.04473199999847566,10,uniform,A
LDPC,1000,6%,0.06617710212144637,0.06705539358600583,14,500,0.5,True,True,False,0.5,0.04083560000071884,9,aware-same-rate,A
LDPC,1000,6%,0.06617710212144637,0.06705539358600583,14,500,0.5,True,True,False,0.5,0.03991460000179359,9,aware-pipeline,A
LDPC,1000,6%,0.06617710212144637,0.06705539358600583,15,500,0.5,True,True,False,0.5,0.06007560000216472,15,uniform,A
LDPC,1000,6%,0.06617710212144637,0.06705539358600583,15,500,0.5,True,True,False,0.5,0.04453129999819794,11,aware-same-rate,A
LDPC,1000,6%,0.06617710212144637,0.06705539358600583,15,500,0.5,True,True,False,0.5,0.04316800000015064,11,aware-pipeline,A
LDPC,1000,6%,0.06617710212144637,0.06705539358600583,16,500,0.5,True,True,False,0.5,0.035410699998465134,9,uniform,A
LDPC,1000,6%,0.06617710212144637,0.06705539358600583,16,500,0.5,True,True,False,0.5,0.02431780000188155,8,aware-same-rate,A
LDPC,1000,6%,0.06617710212144637,0.06705539358600583,16,500,0.5,True,True,False,0.5,0.02561769999738317,8,aware-pipeline,A
LDPC,1000,6%,0.06617710212144637,0.06705539358600583,17,500,0.5,True,True,False,0.5,0.022415999999793712,7,uniform,A
LDPC,1000,6%,0.06617710212144637,0.06705539358600583,17,500,0.5,True,True,False,0.5,0.02188410000235308,7,aware-same-rate,A
LDPC,1000,6%,0.06617710212144637,0.06705539358600583,17,500,0.5,True,True,False,0.5,0.02086580000104732,7,aware-pipeline,A
LDPC,1000,6%,0.06617710212144637,0.06705539358600583,18,500,0.5,True,True,False,0.5,0.021863099998881808,8,uniform,A
LDPC,1000,6%,0.06617710212144637,0.06705539358600583,18,500,0.5,True,True,False,0.5,0.0212863999986439,8,aware-same-rate,A
LDPC,1000,6%,0.06617710212144637,0.06705539358600583,18,500,0.5,True,True,False,0.5,0.022570799999812152,8,aware-pipeline,A
LDPC,1000,6%,0.06617710212144637,0.06705539358600583,19,500,0.5,True,True,False,0.5,0.0391325999989931,13,uniform,A
LDPC,1000,6%,0.06617710212144637,0.06705539358600583,19,500,0.5,True,True,False,0.5,0.034305099998164224,14,aware-same-rate,A
LDPC,1000,6%,0.06617710212144637,0.06705539358600583,19,500,0.5,True,True,False,0.5,0.0334605999996711,14,aware-pipeline,A
LDPC,1000,10%,0.10048524928071456,0.09662640566430654,0,600,0.6,False,False,False,0.0,0.431087100001605,120,uniform,A
LDPC,1000,10%,0.10048524928071456,0.09662640566430654,0,600,0.6,False,False,False,0.0,0.31601140000202577,120,aware-same-rate,A
LDPC,1000,10%,0.10048524928071456,0.09662640566430654,0,600,0.6,False,False,False,0.0,0.31222449999768287,120,aware-pipeline,A
LDPC,1000,10%,0.10048524928071456,0.09662640566430654,1,600,0.6,True,True,False,0.4,0.029720300000917632,10,uniform,A
LDPC,1000,10%,0.10048524928071456,0.09662640566430654,1,600,0.6,True,True,False,0.4,0.024333499997737817,8,aware-same-rate,A
LDPC,1000,10%,0.10048524928071456,0.09662640566430654,1,600,0.6,True,True,False,0.4,0.0266773999974248,8,aware-pipeline,A
LDPC,1000,10%,0.10048524928071456,0.09662640566430654,2,600,0.6,True,True,False,0.4,0.055094999999710126,17,uniform,A
LDPC,1000,10%,0.10048524928071456,0.09662640566430654,2,600,0.6,True,True,False,0.4,0.04651430000012624,16,aware-same-rate,A
LDPC,1000,10%,0.10048524928071456,0.09662640566430654,2,600,0.6,True,True,False,0.4,0.05501139999978477,16,aware-pipeline,A
LDPC,1000,10%,0.10048524928071456,0.09662640566430654,3,600,0.6,True,True,False,0.4,0.03367389999766601,12,uniform,A
LDPC,1000,10%,0.10048524928071456,0.09662640566430654,3,600,0.6,True,True,False,0.4,0.03066489999764599,8,aware-same-rate,A
LDPC,1000,10%,0.10048524928071456,0.09662640566430654,3,600,0.6,True,True,False,0.4,0.028676800000539515,8,aware-pipeline,A
LDPC,1000,10%,0.10048524928071456,0.09662640566430654,4,600,0.6,False,False,False,0.0,0.5475694999986445,120,uniform,A
LDPC,1000,10%,0.10048524928071456,0.09662640566430654,4,600,0.6,False,False,False,0.0,0.42317000000184635,120,aware-same-rate,A
LDPC,1000,10%,0.10048524928071456,0.09662640566430654,4,600,0.6,False,False,False,0.0,0.3594924999997602,120,aware-pipeline,A
LDPC,1000,10%,0.10048524928071456,0.09662640566430654,5,600,0.6,True,True,False,0.4,0.04106610000235378,12,uniform,A
LDPC,1000,10%,0.10048524928071456,0.09662640566430654,5,600,0.6,True,True,False,0.4,0.04047100000025239,12,aware-same-rate,A
LDPC,1000,10%,0.10048524928071456,0.09662640566430654,5,600,0.6,True,True,False,0.4,0.03693980000025476,12,aware-pipeline,A
LDPC,1000,10%,0.10048524928071456,0.09662640566430654,6,600,0.6,True,True,False,0.4,0.04067940000095405,12,uniform,A
LDPC,1000,10%,0.10048524928071456,0.09662640566430654,6,600,0.6,True,True,False,0.4,0.04553459999806364,12,aware-same-rate,A
LDPC,1000,10%,0.10048524928071456,0.09662640566430654,6,600,0.6,True,True,False,0.4,0.04051479999907315,12,aware-pipeline,A
LDPC,1000,10%,0.10048524928071456,0.09662640566430654,7,600,0.6,True,True,False,0.4,0.06835460000002058,20,uniform,A
LDPC,1000,10%,0.10048524928071456,0.09662640566430654,7,600,0.6,True,True,False,0.4,0.05507209999996121,15,aware-same-rate,A
LDPC,1000,10%,0.10048524928071456,0.09662640566430654,7,600,0.6,True,True,False,0.4,0.052232699999876786,15,aware-pipeline,A
LDPC,1000,10%,0.10048524928071456,0.09662640566430654,8,600,0.6,True,True,False,0.4,0.06523079999897163,22,uniform,A
LDPC,1000,10%,0.10048524928071456,0.09662640566430654,8,600,0.6,True,True,False,0.4,0.05179459999999381,17,aware-same-rate,A
LDPC,1000,10%,0.10048524928071456,0.09662640566430654,8,600,0.6,True,True,False,0.4,0.05481310000322992,17,aware-pipeline,A
LDPC,1000,10%,0.10048524928071456,0.09662640566430654,9,600,0.6,True,True,False,0.4,0.03199950000271201,9,uniform,A
LDPC,1000,10%,0.10048524928071456,0.09662640566430654,9,600,0.6,True,True,False,0.4,0.03232589999970514,8,aware-same-rate,A
LDPC,1000,10%,0.10048524928071456,0.09662640566430654,9,600,0.6,True,True,False,0.4,0.029639399999723537,8,aware-pipeline,A
LDPC,1000,10%,0.10048524928071456,0.09662640566430654,10,600,0.6,True,True,False,0.4,0.03458649999811314,13,uniform,A
LDPC,1000,10%,0.10048524928071456,0.09662640566430654,10,600,0.6,True,True,False,0.4,0.029460900001140544,10,aware-same-rate,A
LDPC,1000,10%,0.10048524928071456,0.09662640566430654,10,600,0.6,True,True,False,0.4,0.029268999998748768,10,aware-pipeline,A
LDPC,1000,10%,0.10048524928071456,0.09662640566430654,11,600,0.6,True,True,False,0.4,0.029854500000510598,9,uniform,A
LDPC,1000,10%,0.10048524928071456,0.09662640566430654,11,600,0.6,True,True,False,0.4,0.031127999998716405,10,aware-same-rate,A
LDPC,1000,10%,0.10048524928071456,0.09662640566430654,11,600,0.6,True,True,False,0.4,0.03206590000263532,10,aware-pipeline,A
LDPC,1000,10%,0.10048524928071456,0.09662640566430654,12,600,0.6,True,True,False,0.4,0.057548699998733355,20,uniform,A
LDPC,1000,10%,0.10048524928071456,0.09662640566430654,12,600,0.6,True,True,False,0.4,0.042968400000972906,15,aware-same-rate,A
LDPC,1000,10%,0.10048524928071456,0.09662640566430654,12,600,0.6,True,True,False,0.4,0.03721950000181096,15,aware-pipeline,A
LDPC,1000,10%,0.10048524928071456,0.09662640566430654,13,600,0.6,True,True,False,0.4,0.03816999999980908,14,uniform,A
LDPC,1000,10%,0.10048524928071456,0.09662640566430654,13,600,0.6,True,True,False,0.4,0.03205800000068848,12,aware-same-rate,A
LDPC,1000,10%,0.10048524928071456,0.09662640566430654,13,600,0.6,True,True,False,0.4,0.03245759999845177,12,aware-pipeline,A
LDPC,1000,10%,0.10048524928071456,0.09662640566430654,14,600,0.6,True,True,False,0.4,0.042335399997682543,14,uniform,A
LDPC,1000,10%,0.10048524928071456,0.09662640566430654,14,600,0.6,True,True,False,0.4,0.045051500001136446,15,aware-same-rate,A
LDPC,1000,10%,0.10048524928071456,0.09662640566430654,14,600,0.6,True,True,False,0.4,0.04019640000115032,15,aware-pipeline,A
LDPC,1000,10%,0.10048524928071456,0.09662640566430654,15,600,0.6,True,True,False,0.4,0.08144919999904232,32,uniform,A
LDPC,1000,10%,0.10048524928071456,0.09662640566430654,15,600,0.6,True,True,False,0.4,0.05020240000158083,20,aware-same-rate,A
LDPC,1000,10%,0.10048524928071456,0.09662640566430654,15,600,0.6,True,True,False,0.4,0.05800749999980326,20,aware-pipeline,A
LDPC,1000,10%,0.10048524928071456,0.09662640566430654,16,600,0.6,False,False,False,0.0,0.3380104999996547,120,uniform,A
LDPC,1000,10%,0.10048524928071456,0.09662640566430654,16,600,0.6,False,False,False,0.0,0.3399568000022555,120,aware-same-rate,A
LDPC,1000,10%,0.10048524928071456,0.09662640566430654,16,600,0.6,False,False,False,0.0,0.34532000000035623,120,aware-pipeline,A
LDPC,1000,10%,0.10048524928071456,0.09662640566430654,17,600,0.6,True,True,False,0.4,0.030571100000088336,10,uniform,A
LDPC,1000,10%,0.10048524928071456,0.09662640566430654,17,600,0.6,True,True,False,0.4,0.029206499999418156,10,aware-same-rate,A
LDPC,1000,10%,0.10048524928071456,0.09662640566430654,17,600,0.6,True,True,False,0.4,0.03345400000034715,10,aware-pipeline,A
LDPC,1000,10%,0.10048524928071456,0.09662640566430654,18,600,0.6,True,True,False,0.4,0.03546799999821815,11,uniform,A
LDPC,1000,10%,0.10048524928071456,0.09662640566430654,18,600,0.6,True,True,False,0.4,0.029204700000263983,8,aware-same-rate,A
LDPC,1000,10%,0.10048524928071456,0.09662640566430654,18,600,0.6,True,True,False,0.4,0.03348339999865857,8,aware-pipeline,A
LDPC,1000,10%,0.10048524928071456,0.09662640566430654,19,600,0.6,True,True,False,0.4,0.11390169999867794,39,uniform,A
LDPC,1000,10%,0.10048524928071456,0.09662640566430654,19,600,0.6,True,True,False,0.4,0.10504600000058417,31,aware-same-rate,A
LDPC,1000,10%,0.10048524928071456,0.09662640566430654,19,600,0.6,True,True,False,0.4,0.10404190000190283,31,aware-pipeline,A
LDPC,1000,6%,0.06550255902971915,0.05713094245204337,0,500,0.5,True,True,False,0.5,0.04114509999999427,8,uniform,B
LDPC,1000,6%,0.06550255902971915,0.05713094245204337,0,500,0.5,True,True,False,0.5,0.03342060000068159,7,aware-same-rate,B
LDPC,1000,6%,0.06550255902971915,0.05713094245204337,0,500,0.5,True,True,False,0.5,0.029034800001682015,7,aware-pipeline,B
LDPC,1000,6%,0.06550255902971915,0.05713094245204337,1,500,0.5,True,True,False,0.5,0.04591879999861703,13,uniform,B
LDPC,1000,6%,0.06550255902971915,0.05713094245204337,1,500,0.5,True,True,False,0.5,0.04024659999777214,13,aware-same-rate,B
LDPC,1000,6%,0.06550255902971915,0.05713094245204337,1,500,0.5,True,True,False,0.5,0.044555899999977555,13,aware-pipeline,B
LDPC,1000,6%,0.06550255902971915,0.05713094245204337,2,500,0.5,True,True,False,0.5,0.03812290000132634,9,uniform,B
LDPC,1000,6%,0.06550255902971915,0.05713094245204337,2,500,0.5,True,True,False,0.5,0.03938699999707751,9,aware-same-rate,B
LDPC,1000,6%,0.06550255902971915,0.05713094245204337,2,500,0.5,True,True,False,0.5,0.040343799999391194,9,aware-pipeline,B
LDPC,1000,6%,0.06550255902971915,0.05713094245204337,3,500,0.5,True,True,False,0.5,0.053017199999885634,12,uniform,B
LDPC,1000,6%,0.06550255902971915,0.05713094245204337,3,500,0.5,True,True,False,0.5,0.05270539999764878,14,aware-same-rate,B
LDPC,1000,6%,0.06550255902971915,0.05713094245204337,3,500,0.5,True,True,False,0.5,0.059638800001266645,14,aware-pipeline,B
LDPC,1000,6%,0.06550255902971915,0.05713094245204337,4,500,0.5,True,True,False,0.5,0.040965100000903476,6,uniform,B
LDPC,1000,6%,0.06550255902971915,0.05713094245204337,4,500,0.5,True,True,False,0.5,0.03394739999930607,6,aware-same-rate,B
LDPC,1000,6%,0.06550255902971915,0.05713094245204337,4,500,0.5,True,True,False,0.5,0.027394799999456154,6,aware-pipeline,B
LDPC,1000,6%,0.06550255902971915,0.05713094245204337,5,500,0.5,True,True,False,0.5,0.09981619999962277,25,uniform,B
LDPC,1000,6%,0.06550255902971915,0.05713094245204337,5,500,0.5,True,True,False,0.5,0.09976169999936246,27,aware-same-rate,B
LDPC,1000,6%,0.06550255902971915,0.05713094245204337,5,500,0.5,True,True,False,0.5,0.10671279999951366,27,aware-pipeline,B
LDPC,1000,6%,0.06550255902971915,0.05713094245204337,6,500,0.5,True,True,False,0.5,0.03905739999754587,6,uniform,B
LDPC,1000,6%,0.06550255902971915,0.05713094245204337,6,500,0.5,True,True,False,0.5,0.046621800000139046,6,aware-same-rate,B
LDPC,1000,6%,0.06550255902971915,0.05713094245204337,6,500,0.5,True,True,False,0.5,0.058196999998472165,6,aware-pipeline,B
LDPC,1000,6%,0.06550255902971915,0.05713094245204337,7,500,0.5,True,True,False,0.5,0.0404000000016822,7,uniform,B
LDPC,1000,6%,0.06550255902971915,0.05713094245204337,7,500,0.5,True,True,False,0.5,0.0518034999986412,6,aware-same-rate,B
LDPC,1000,6%,0.06550255902971915,0.05713094245204337,7,500,0.5,True,True,False,0.5,0.04956289999972796,6,aware-pipeline,B
LDPC,1000,6%,0.06550255902971915,0.05713094245204337,8,500,0.5,True,True,False,0.5,0.06202100000155042,11,uniform,B
LDPC,1000,6%,0.06550255902971915,0.05713094245204337,8,500,0.5,True,True,False,0.5,0.08026059999974677,12,aware-same-rate,B
LDPC,1000,6%,0.06550255902971915,0.05713094245204337,8,500,0.5,True,True,False,0.5,0.1054344999975001,12,aware-pipeline,B
LDPC,1000,6%,0.06550255902971915,0.05713094245204337,9,500,0.5,False,False,False,0.0,0.38199639999947976,120,uniform,B
LDPC,1000,6%,0.06550255902971915,0.05713094245204337,9,500,0.5,False,False,False,0.0,0.31065659999876516,120,aware-same-rate,B
LDPC,1000,6%,0.06550255902971915,0.05713094245204337,9,500,0.5,False,False,False,0.0,0.2997767999986536,120,aware-pipeline,B
LDPC,1000,6%,0.06550255902971915,0.05713094245204337,10,500,0.5,True,True,False,0.5,0.01867869999841787,6,uniform,B
LDPC,1000,6%,0.06550255902971915,0.05713094245204337,10,500,0.5,True,True,False,0.5,0.02328729999862844,6,aware-same-rate,B
LDPC,1000,6%,0.06550255902971915,0.05713094245204337,10,500,0.5,True,True,False,0.5,0.030140200000460027,6,aware-pipeline,B
LDPC,1000,6%,0.06550255902971915,0.05713094245204337,11,500,0.5,True,True,False,0.5,0.045521699998062104,11,uniform,B
LDPC,1000,6%,0.06550255902971915,0.05713094245204337,11,500,0.5,True,True,False,0.5,0.059924400000454625,11,aware-same-rate,B
LDPC,1000,6%,0.06550255902971915,0.05713094245204337,11,500,0.5,True,True,False,0.5,0.049706800000421936,11,aware-pipeline,B
LDPC,1000,6%,0.06550255902971915,0.05713094245204337,12,500,0.5,True,True,False,0.5,0.04966399999830173,11,uniform,B
LDPC,1000,6%,0.06550255902971915,0.05713094245204337,12,500,0.5,True,True,False,0.5,0.03959179999947082,10,aware-same-rate,B
LDPC,1000,6%,0.06550255902971915,0.05713094245204337,12,500,0.5,True,True,False,0.5,0.03802189999987604,10,aware-pipeline,B
LDPC,1000,6%,0.06550255902971915,0.05713094245204337,13,500,0.5,True,True,False,0.5,0.03651430000172695,10,uniform,B
LDPC,1000,6%,0.06550255902971915,0.05713094245204337,13,500,0.5,True,True,False,0.5,0.026687699999456527,8,aware-same-rate,B
LDPC,1000,6%,0.06550255902971915,0.05713094245204337,13,500,0.5,True,True,False,0.5,0.033249500000238186,8,aware-pipeline,B
LDPC,1000,6%,0.06550255902971915,0.05713094245204337,14,500,0.5,True,True,False,0.5,0.031145400000241352,9,uniform,B
LDPC,1000,6%,0.06550255902971915,0.05713094245204337,14,500,0.5,True,True,False,0.5,0.025970000002416782,7,aware-same-rate,B
LDPC,1000,6%,0.06550255902971915,0.05713094245204337,14,500,0.5,True,True,False,0.5,0.02458930000284454,7,aware-pipeline,B
LDPC,1000,6%,0.06550255902971915,0.05713094245204337,15,500,0.5,True,True,False,0.5,0.02990259999933187,8,uniform,B
LDPC,1000,6%,0.06550255902971915,0.05713094245204337,15,500,0.5,True,True,False,0.5,0.03304029999708291,9,aware-same-rate,B
LDPC,1000,6%,0.06550255902971915,0.05713094245204337,15,500,0.5,True,True,False,0.5,0.029652699999132892,9,aware-pipeline,B
LDPC,1000,6%,0.06550255902971915,0.05713094245204337,16,500,0.5,True,True,False,0.5,0.03584709999995539,12,uniform,B
LDPC,1000,6%,0.06550255902971915,0.05713094245204337,16,500,0.5,True,True,False,0.5,0.045001300000876654,13,aware-same-rate,B
LDPC,1000,6%,0.06550255902971915,0.05713094245204337,16,500,0.5,True,True,False,0.5,0.044077099999412894,13,aware-pipeline,B
LDPC,1000,6%,0.06550255902971915,0.05713094245204337,17,500,0.5,True,True,False,0.5,0.03521309999996447,10,uniform,B
LDPC,1000,6%,0.06550255902971915,0.05713094245204337,17,500,0.5,True,True,False,0.5,0.03906429999915417,10,aware-same-rate,B
LDPC,1000,6%,0.06550255902971915,0.05713094245204337,17,500,0.5,True,True,False,0.5,0.03279770000153803,10,aware-pipeline,B
LDPC,1000,6%,0.06550255902971915,0.05713094245204337,18,500,0.5,True,True,False,0.5,0.03183739999803947,11,uniform,B
LDPC,1000,6%,0.06550255902971915,0.05713094245204337,18,500,0.5,True,True,False,0.5,0.03573069999765721,10,aware-same-rate,B
LDPC,1000,6%,0.06550255902971915,0.05713094245204337,18,500,0.5,True,True,False,0.5,0.028724800002237316,10,aware-pipeline,B
LDPC,1000,6%,0.06550255902971915,0.05713094245204337,19,500,0.5,True,True,False,0.5,0.02835419999973965,10,uniform,B
LDPC,1000,6%,0.06550255902971915,0.05713094245204337,19,500,0.5,True,True,False,0.5,0.02851820000068983,10,aware-same-rate,B
LDPC,1000,6%,0.06550255902971915,0.05713094245204337,19,500,0.5,True,True,False,0.5,0.033885600001667626,10,aware-pipeline,B
LDPC,1000,10%,0.10546690180222805,0.10008340283569642,0,600,0.6,True,True,False,0.4,0.16475120000177412,19,uniform,B
LDPC,1000,10%,0.10546690180222805,0.10008340283569642,0,600,0.6,True,True,False,0.4,0.16048800000135088,18,aware-same-rate,B
LDPC,1000,10%,0.10546690180222805,0.10008340283569642,0,600,0.6,True,True,False,0.4,0.17088020000301185,18,aware-pipeline,B
LDPC,1000,10%,0.10546690180222805,0.10008340283569642,1,600,0.6,True,True,False,0.4,0.18447240000023157,12,uniform,B
LDPC,1000,10%,0.10546690180222805,0.10008340283569642,1,600,0.6,True,True,False,0.4,0.11263310000140336,11,aware-same-rate,B
LDPC,1000,10%,0.10546690180222805,0.10008340283569642,1,600,0.6,True,True,False,0.4,0.11041359999944689,11,aware-pipeline,B
LDPC,1000,10%,0.10546690180222805,0.10008340283569642,2,600,0.6,True,True,False,0.4,0.1573333000014827,20,uniform,B
LDPC,1000,10%,0.10546690180222805,0.10008340283569642,2,600,0.6,True,True,False,0.4,0.20752189999984694,22,aware-same-rate,B
LDPC,1000,10%,0.10546690180222805,0.10008340283569642,2,600,0.6,True,True,False,0.4,0.23947550000229967,22,aware-pipeline,B
LDPC,1000,10%,0.10546690180222805,0.10008340283569642,3,600,0.6,True,True,False,0.4,0.2088011000014376,27,uniform,B
LDPC,1000,10%,0.10546690180222805,0.10008340283569642,3,600,0.6,True,True,False,0.4,0.3604784000017389,58,aware-same-rate,B
LDPC,1000,10%,0.10546690180222805,0.10008340283569642,3,600,0.6,True,True,False,0.4,0.30871559999650344,58,aware-pipeline,B
LDPC,1000,10%,0.10546690180222805,0.10008340283569642,4,600,0.6,True,True,False,0.4,0.15985920000093756,26,uniform,B
LDPC,1000,10%,0.10546690180222805,0.10008340283569642,4,600,0.6,True,True,False,0.4,0.16627650000009453,25,aware-same-rate,B
LDPC,1000,10%,0.10546690180222805,0.10008340283569642,4,600,0.6,True,True,False,0.4,0.17959589999736636,25,aware-pipeline,B
LDPC,1000,10%,0.10546690180222805,0.10008340283569642,5,600,0.6,False,False,False,0.0,0.9212533999998413,120,uniform,B
LDPC,1000,10%,0.10546690180222805,0.10008340283569642,5,600,0.6,False,False,False,0.0,0.873190500002238,120,aware-same-rate,B
LDPC,1000,10%,0.10546690180222805,0.10008340283569642,5,600,0.6,False,False,False,0.0,0.8083950000000186,120,aware-pipeline,B
LDPC,1000,10%,0.10546690180222805,0.10008340283569642,6,600,0.6,True,True,False,0.4,0.10921980000057374,18,uniform,B
LDPC,1000,10%,0.10546690180222805,0.10008340283569642,6,600,0.6,True,True,False,0.4,0.0942890999976953,17,aware-same-rate,B
LDPC,1000,10%,0.10546690180222805,0.10008340283569642,6,600,0.6,True,True,False,0.4,0.09423799999785842,17,aware-pipeline,B
LDPC,1000,10%,0.10546690180222805,0.10008340283569642,7,600,0.6,False,False,False,0.0,0.5604926999985764,120,uniform,B
LDPC,1000,10%,0.10546690180222805,0.10008340283569642,7,600,0.6,False,False,False,0.0,0.648028699997667,120,aware-same-rate,B
LDPC,1000,10%,0.10546690180222805,0.10008340283569642,7,600,0.6,False,False,False,0.0,0.8046551999977964,120,aware-pipeline,B
LDPC,1000,10%,0.10546690180222805,0.10008340283569642,8,600,0.6,True,True,False,0.4,0.0954767000002903,12,uniform,B
LDPC,1000,10%,0.10546690180222805,0.10008340283569642,8,600,0.6,True,True,False,0.4,0.08851330000106827,12,aware-same-rate,B
LDPC,1000,10%,0.10546690180222805,0.10008340283569642,8,600,0.6,True,True,False,0.4,0.12128060000031837,12,aware-pipeline,B
LDPC,1000,10%,0.10546690180222805,0.10008340283569642,9,600,0.6,True,True,False,0.4,0.3145671999991464,41,uniform,B
LDPC,1000,10%,0.10546690180222805,0.10008340283569642,9,600,0.6,True,True,False,0.4,0.3933644999997341,53,aware-same-rate,B
LDPC,1000,10%,0.10546690180222805,0.10008340283569642,9,600,0.6,True,True,False,0.4,0.3983289000025252,53,aware-pipeline,B
LDPC,1000,10%,0.10546690180222805,0.10008340283569642,10,600,0.6,False,False,False,0.0,0.923078899999382,120,uniform,B
LDPC,1000,10%,0.10546690180222805,0.10008340283569642,10,600,0.6,False,False,False,0.0,0.8105215000032331,120,aware-same-rate,B
LDPC,1000,10%,0.10546690180222805,0.10008340283569642,10,600,0.6,False,False,False,0.0,0.7386757000022044,120,aware-pipeline,B
LDPC,1000,10%,0.10546690180222805,0.10008340283569642,11,600,0.6,True,True,False,0.4,0.08814459999848623,11,uniform,B
LDPC,1000,10%,0.10546690180222805,0.10008340283569642,11,600,0.6,True,True,False,0.4,0.07708020000063698,10,aware-same-rate,B
LDPC,1000,10%,0.10546690180222805,0.10008340283569642,11,600,0.6,True,True,False,0.4,0.08659669999906328,10,aware-pipeline,B
LDPC,1000,10%,0.10546690180222805,0.10008340283569642,12,600,0.6,False,False,False,0.0,0.7170575999989524,120,uniform,B
LDPC,1000,10%,0.10546690180222805,0.10008340283569642,12,600,0.6,False,False,False,0.0,0.5528551999996125,120,aware-same-rate,B
LDPC,1000,10%,0.10546690180222805,0.10008340283569642,12,600,0.6,False,False,False,0.0,0.6484212999966985,120,aware-pipeline,B
LDPC,1000,10%,0.10546690180222805,0.10008340283569642,13,600,0.6,True,True,False,0.4,0.25144820000059553,37,uniform,B
LDPC,1000,10%,0.10546690180222805,0.10008340283569642,13,600,0.6,True,True,False,0.4,0.3532614000032481,44,aware-same-rate,B
LDPC,1000,10%,0.10546690180222805,0.10008340283569642,13,600,0.6,True,True,False,0.4,0.37713850000000093,44,aware-pipeline,B
LDPC,1000,10%,0.10546690180222805,0.10008340283569642,14,600,0.6,False,False,False,0.0,0.9928097999982128,120,uniform,B
LDPC,1000,10%,0.10546690180222805,0.10008340283569642,14,600,0.6,False,False,False,0.0,1.2329198000006727,120,aware-same-rate,B
LDPC,1000,10%,0.10546690180222805,0.10008340283569642,14,600,0.6,False,False,False,0.0,1.00527399999919,120,aware-pipeline,B
LDPC,1000,10%,0.10546690180222805,0.10008340283569642,15,600,0.6,True,True,False,0.4,0.08495509999920614,9,uniform,B
LDPC,1000,10%,0.10546690180222805,0.10008340283569642,15,600,0.6,True,True,False,0.4,0.08859270000175457,9,aware-same-rate,B
LDPC,1000,10%,0.10546690180222805,0.10008340283569642,15,600,0.6,True,True,False,0.4,0.08408760000020266,9,aware-pipeline,B
LDPC,1000,10%,0.10546690180222805,0.10008340283569642,16,600,0.6,True,True,False,0.4,0.3541775999983656,50,uniform,B
LDPC,1000,10%,0.10546690180222805,0.10008340283569642,16,600,0.6,True,True,False,0.4,0.16703950000010082,22,aware-same-rate,B
LDPC,1000,10%,0.10546690180222805,0.10008340283569642,16,600,0.6,True,True,False,0.4,0.19294589999844902,22,aware-pipeline,B
LDPC,1000,10%,0.10546690180222805,0.10008340283569642,17,600,0.6,True,True,False,0.4,0.21420120000038878,18,uniform,B
LDPC,1000,10%,0.10546690180222805,0.10008340283569642,17,600,0.6,True,True,False,0.4,0.20209519999843906,15,aware-same-rate,B
LDPC,1000,10%,0.10546690180222805,0.10008340283569642,17,600,0.6,True,True,False,0.4,0.16736880000098608,15,aware-pipeline,B
LDPC,1000,10%,0.10546690180222805,0.10008340283569642,18,600,0.6,True,True,False,0.4,0.12524610000036773,9,uniform,B
LDPC,1000,10%,0.10546690180222805,0.10008340283569642,18,600,0.6,True,True,False,0.4,0.09525249999933294,9,aware-same-rate,B
LDPC,1000,10%,0.10546690180222805,0.10008340283569642,18,600,0.6,True,True,False,0.4,0.0984219000019948,9,aware-pipeline,B
LDPC,1000,10%,0.10546690180222805,0.10008340283569642,19,600,0.6,False,False,False,0.0,1.8382770999996865,120,uniform,B
LDPC,1000,10%,0.10546690180222805,0.10008340283569642,19,600,0.6,True,True,False,0.4,1.7008464999998978,110,aware-same-rate,B
LDPC,1000,10%,0.10546690180222805,0.10008340283569642,19,600,0.6,True,True,False,0.4,2.3729715999979817,110,aware-pipeline,B
